{
  "name": "_Luca_Home_Cappuccino_Italian_Leather_Loveseat", 
  "price": "EUR 1028.79", 
  "reviews": [
    "failed to get review"
  ], 
  "link": "http://www.overstock.com/Home-Garden/Luca-Home-Cappuccino-Italian-Leather-Loveseat/10136139/product.html?recset=45e7dfea-2953-4f26-a4cd-b3c0ea8b6412&refccid=HZHTRHS7YYZK2X2E6DMFTUXJOE&recalg=828,512&recidx=15", 
  "img_url": [
    "http://ak1.ostkcdn.com/images/products/10136139/Luca-Home-Cappuccino-Italian-Leather-Loveseat-843e0b01-6bd9-4edb-a35e-e213a9713007_600.jpg"
  ], 
  "description": "Contemporary design and plenty of style makes this Capuccino tufted leather loveseat a perfect fit for your modern decor sure to complement any living room. All of the pieces of the set are made of high quality products making it as durable as it is stylish. Upholstery is using the finest Italian leather combined with the best designed leather match material available for areas of minimal use. \rStyleContemporaryMaterialLeather, Synthetic LeatherTypeLoveseatAssemblyAssembledColorBeige, Brown, CreamFurniture PatternSolid"
}