{
  "name": "ABBYSON_LIVING_Jackson_Ivory_Leather_Foldable_Futon_Sofa_Bed", 
  "price": "EUR 285.35", 
  "reviews": [
    "although it looks very nice, it is not a comfortable as a bed. Because the seats go up and down on either end it is very hard in the middle, which may be difficult for some peoples back. I suggest using a padded cover when using as a bed.", 
    ""
  ], 
  "link": "http://www.overstock.com/Home-Garden/ABBYSON-LIVING-Jackson-Ivory-Leather-Foldable-Futon-Sofa-Bed/9829805/product.html?recset=f7d95d2b-99ac-4419-8da6-9d818a757381&refccid=CV3KXZVKE42KBQ2NGVDR34EMRI&recalg=828,512&recidx=11", 
  "img_url": [
    "http://ak1.ostkcdn.com/images/products/9829805/Abbyson-Living-Jackson-Ivory-Leather-Foldable-Futon-Sofa-Bed-5254cb52-743b-4d38-8047-d8337405aad4_600.jpg"
  ], 
  "description": "This practical and contemporary futon-sofa is the ideal versatile\nfurniture for your home. It has a very simple and easy to use\ndesign that can be turned into a bed with ease. Features split back adjustable mechanismsSeat and back cushion made of high density foam, convoluted\n  foam, polyesterTufted seating and backMaterials: PU leather, wood, chrome legsUpholstery materials: PU leatherUpholstery color: IvoryFinish: Chrome legsSeat dimensions: 16 inches high x 23.5 inches deepBed depth: 43 inchesDimensions: 32 inches high x 71 inches wide x 34 inches\n  deepStyleContemporaryMaterialFaux LeatherTypeSofaThickness7 InchAssemblyAssembly RequiredColorWhite"
}