{
  "name": "ABBYSON_LIVING_Montecito_Dark_brown_Leather_Storage_Ottoman", 
  "price": "EUR 162.43", 
  "reviews": [
    "Great piece of furniture! Very pleased!"
  ], 
  "link": "http://www.overstock.com/Home-Garden/ABBYSON-LIVING-Montecito-Dark-brown-Leather-Storage-Ottoman/9836812/product.html?recset=374129c1-a06c-41e7-8cca-e24590c5410f&refccid=5YUNS36FXLAJ3RSBRMZYLHYPAY&recalg=828,512&recidx=1", 
  "img_url": [
    "http://ak1.ostkcdn.com/images/products/9836812/Abbyson-Living-Montecito-Dark-brown-Leather-Storage-Ottoman-4d47aef2-8d05-4843-98d9-7984f4f35ded_600.jpg"
  ], 
  "description": "Add style and luxury to your living room, bedroom, craft room or anywhere else in your home. The gorgeous Montecito ottoman features dark brown bonded leather upholstery that adds a trendy and stylish touch to any room.Set includes: One (1) ottomanHigh-density foam cushioningMaterial: Solid birch wood legs, bonded leather upholsteryFinish: EspressoUpholstery color: Dark brownSeat dimensions: 44 inches wide x 19.5 inches deepDimensions (overall): 18.5 inches high x 44 inches wide x 19.5 inches deepInside dimensions: 33 inches wide x 15 inches deep x 11 inches highStyleModernMaterialBonded LeatherTypeStorage OttomanAssemblyAssembledColorBrownFurniture PatternSolid"
}