{
  "name": "ABBYSON_LIVING_Brownstone_Premium_Top-grain_Leather_Reclining_Sofa", 
  "price": "EUR 1548.61", 
  "reviews": [
    "Very Good. I like it nice"
  ], 
  "link": "http://www.overstock.com/Home-Garden/ABBYSON-LIVING-Brownstone-Premium-Top-grain-Leather-Reclining-Sofa/9970915/product.html?recset=87cd6aeb-8a9b-448e-9762-0e1dea025563&refccid=G5AL63YQOLUY632EARNQKTWWWU&recalg=828,512&recidx=0", 
  "img_url": [
    "http://ak1.ostkcdn.com/images/products/9970915/ABBYSON-LIVINGBrownstone-Premium-Top-grain-Leather-Reclining-Sofa-ab675fed-ddcc-4a6b-964f-2ae27c5e4a82_600.jpg"
  ], 
  "description": "Constructed with a solid hardwood frame, top-grain leather upholstery and high-density plush foam cushions, this reclining sofa is not only sturdy, but amazingly comfortable. The dark brown top-grain leather and custom-made, hand-stitched detail adds elegance to any living room.Heavy-duty Centro reclining mechanismsCustom-made and hand-stitched detailsLeather match used on sides and backSet includes: One (1) reclining sofaMaterials: Solid hardwood frame, top-grain leatherUpholstery: Top-grain leatherUpholstery color: Dark brownSofa dimensions: 40 inches high x 82 inches wide x 38 inches deepStyleTraditionalMaterialFoam, Leather, WoodTypeRecliner, SofaAssemblyAssembly RequiredColorBrownFurniture PatternSolid"
}