{
  "name": "Aldo_Bonded_Leather_Reclining_Sofa", 
  "price": "EUR 927.54", 
  "reviews": [
    "failed to get review"
  ], 
  "link": "http://www.overstock.com/Home-Garden/Aldo-Bonded-Leather-Reclining-Sofa/9407650/product.html?recset=126a841a-36d6-438f-b71f-72744fa453e0&refccid=ECPWGMAE3WYJG2CHRHEFEM4I4E&recalg=828,512&recidx=12", 
  "img_url": [
    "http://ak1.ostkcdn.com/images/products/9407650/Aldo-Reclining-Sofa-1b3bce93-100a-49e7-b46f-f7d45fcb557a_600.jpg"
  ], 
  "description": "Don't let the fancy Italian name fool you. The Aldo reclining sofa is pure 100-percent American-style comfort. This reclining sofa possesses those subtle details desired for hours of uninhibited indulgence: Ultra smooth acorn toned bonded leather, foam-filled cushions and armrests, dual reclining seats. The Aldo reclining sofa perfectly blends into all home d\u00e9cor motifs.Set Includes: One (1) sofaMaterials: Bonded LeatherFill Material: 1.8 density foam encased pocked coil unit wrapped in decron fiberFinish: Acorn brownUpholstery Material: Bonded leatherUpholstery Color: Acorn brownSeating Comfort: MediumInner Dimensions: 19 inches tall x 22 inches wide x 20 inches deepOverall dimensions: 81 inches length x 39 inches width x 40 inches heightStyleContemporaryMaterialBonded LeatherTypeSofaAssemblyAssembly RequiredColorBrownFurniture PatternSolid"
}