{
  "name": "Aldo_Acorn_Brown_Bonded_Leather_Reclining_Loveseat", 
  "price": "EUR 846.85", 
  "reviews": [
    "failed to get review"
  ], 
  "link": "http://www.overstock.com/Home-Garden/Aldo-Acorn-Brown-Bonded-Leather-Reclining-Loveseat/9407652/product.html?recset=53a1b3b2-1a9e-4db3-9a3c-7e0ab1346671&refccid=XNMMUAYQWWTJAWKNJGV5TZAL6I&recalg=828,512&recidx=18", 
  "img_url": [
    "http://ak1.ostkcdn.com/images/products/9407652/Aldo-Reclining-Love-4945f151-bf33-4ba4-86d5-ed67a1db7b95_600.jpg"
  ], 
  "description": "Don't let the fancy Italian name fool you. The Aldo reclining loveseat is pure 100-percent American-style comfort. This reclining loveseat possesses those subtle details desired for hours of uninhibited indulgence: Ultra smooth acorn toned bonded leather, foam-filled cushions and armrests, dual reclining seats. The Aldo reclining loveseat perfectly blends into all home d\u00e9cor motifs.Set Includes: One (1) loveseatMaterials: Bonded leatherFill Material: 1.8 density foam encased pocked coil unit wrapped in decron fiberFinish: Acorn brownUpholstery Material: Bonded LeatherUpholstery Color: Acorn BrownSeating Comfort: MediumInner Dimensions: 19 inches tall x 22 inches wide x 20 inches deepDimensions: 59 inches length x 39 inches width x 40 inches heightStyleContemporaryMaterialBonded LeatherTypeLoveseatAssemblyAssembly RequiredColorBrownFurniture PatternSolid"
}