{
  "name": "Alexander_Mid-Century_Living_Room_Collection_with_Tufted_Design", 
  "price": "EUR 1069.95", 
  "reviews": [
    "failed to get review"
  ], 
  "link": "http://www.overstock.com/Home-Garden/Alexander-Mid-Century-Living-Room-Collection-with-Tufted-Design/11088840/product.html?recset=8a4f16c7-d0a9-4f63-ba5c-25772c372f06&refccid=T4YLSYN7CJA2Q3COPNYGPCGUUM&recalg=828,512&recidx=13", 
  "img_url": [
    "http://ak1.ostkcdn.com/images/products/11088840/Alexander-Mid-Century-Living-Room-Collection-with-Tufted-Design-68ba989e-f4ce-4fd8-8642-28de58186902_600.jpg"
  ], 
  "description": "This elegant Mid-Centuryl living room collection features a solid wood construction for stability and longevity, and a sinuous spring base for comfort and durability, oversized reversible down blend foam cushion seating upholstered in a fine oatmeal-beige linen blend fabric with deep tufting all around arms and back for an elegant transitional look. Legs are finished in a dark espresso color. Combine sofa, loveseat, and chair to complete the collection. Accent pillows included with Sofa and Love Seat only.\r\n Accent pillows included with sofa and love seat onlySeat dimensions: 22 inches high x 24.5 inches deepSofa dimensions: 30.75 inches high x 32.25 inches wide x 85.5 inches longLove seat dimensions: 30.75 inches high x 32.25 inches wide x 52 inches longChair dimensions: 30.75 inches high x 32.25 inches wide x 36 inches longFurniture Pattern: SolidType: Sofa, Sets, LoveseatStyle: Traditional, Transitional, Contemporary, Mid-CenturyMaterial: Fabric, WoodAssembly: Assembly RequiredExact Color: EspressoColor: Beige, Off-WhiteStyleContemporary, Mid-Century, Traditional, TransitionalMaterialFabric, WoodTypeLoveseat, Sets, SofaAssemblyAssembly RequiredColorBeige, Off-WhiteFurniture PatternSolid"
}