{
  "name": "Barcelona_Faux_Leather_Reclining_Living_Room_Sofa", 
  "price": "EUR 736.39", 
  "reviews": [
    "failed to get review"
  ], 
  "link": "http://www.overstock.com/Home-Garden/Barcelona-Faux-Leather-Reclining-Living-Room-Sofa/10240759/product.html?recset=87cd6aeb-8a9b-448e-9762-0e1dea025563&refccid=G5AL63YQOLUY632EARNQKTWWWU&recalg=828,512&recidx=9", 
  "img_url": [
    "http://ak1.ostkcdn.com/images/products/10240759/Barcelona-Leather-Reclining-Living-Room-Sofa-8865983c-6426-4e83-ae47-dbdd13714a5f_600.jpg"
  ], 
  "description": "This stunning sofa in black or brown is created with quality leather for a long lasting effect. The reclining option adds relaxation to style. \nSet includes: One (1) reclining sofaMaterials: Bonded leather, PVCUpholstery materials: Bonded leatherUpholstery color: Black or Brown Upholstery fill: PVC Form Stuffed backModern designSeat dimensions: 19 inches highDimensions: Sofa: 39 inches high x 82 inches wide x 38.5 inches deepFurniture Pattern: SolidType: SofaStyle: ModernMaterial: Bonded LeatherAssembly: Assembly RequiredExact Color: Black, BrownColor: Black, BrownStyleModernMaterialBonded LeatherTypeSofaAssemblyAssembly RequiredColorBlack, BrownFurniture PatternSolid"
}