{
  "name": "Baxton_Studio_Noonan_Contemporary_Grey_Fabric_Upholstered_Sofa_With_Button_Tufting_And_Nail_Head_Trim_And_Wood_Legs", 
  "price": "EUR 855.51", 
  "reviews": [
    "I have no complaints about this sofa! I really looks nice with the rest of my d\u00e9cor. Very minimal assembly but make sure your elevator is large enough. We have a fairly average size (medium) elevator in my building and I still had to remove from the box in order to get it into the elevator. Make sure you have at least 2 strong people to move this...it's not a one person job!", 
    "Good price could be made better", 
    "My sofa is absolutely stunning!!! It's very well made, firm, and it makes my living area look like it's out of a magazine! If I had the space, I would totally buy another one. LOVE LOVE LOVE!!!"
  ], 
  "link": "http://www.overstock.com/Home-Garden/Baxton-Studio-Noonan-Contemporary-Grey-Fabric-Upholstered-Sofa-With-Button-Tufting-And-Nail-Head-Trim-And-Wood-Legs/10218981/product.html?recset=8a4f16c7-d0a9-4f63-ba5c-25772c372f06&refccid=T4YLSYN7CJA2Q3COPNYGPCGUUM&recalg=828,512&recidx=18", 
  "img_url": [
    "http://ak1.ostkcdn.com/images/products/10218981/Baxton-Studio-Noonan-Contemporary-Grey-Fabric-Upholstered-Sofa-With-Button-Tufting-And-Nail-Head-Trim-And-Wood-Legs-10ca4e02-c972-4143-bdee-8d50c762e552_600.jpg"
  ], 
  "description": "Let this contemporary sofa showcase your style with its unique shape and modern feel. The beautiful gray fabric is button-tufted to provide a luxurious look and feel. Nailhead trim and classic wood legs bring a classic flair to the contemporary design. Wood construction and foam fill means that this chic sofa stands the test of time.\nContemporary SofaGrey fabric upholsteryButton tufting and nail head trimWood legsSet includes: One (1) sofaMaterials: Wood, foam, fabricFinish: Black Upholstery color: GreyUpholstery fill: Foam paddingSeating dimensions: 23 inches  high x 57 inches  wide x 20.5 inches  long Dimensions: 37 inches  high x 82 inches  wide x 31 inches  long Furniture Pattern: SolidType: SofaMaterial: Fabric, Foam, WoodStyle: Contemporary, ModernAssembly: Assembly RequiredColor: GreyStyleContemporary, ModernMaterialFabric, Foam, WoodTypeSofaAssemblyAssembly RequiredColorGreyFurniture PatternSolid"
}