{
  "name": "Benchcraft_Paulie_DuraBlend_Loveseat", 
  "price": "EUR 626.47", 
  "reviews": [
    "failed to get review"
  ], 
  "link": "http://www.overstock.com/Home-Garden/Benchcraft-Paulie-DuraBlend-Loveseat/10356160/product.html?recset=45e7dfea-2953-4f26-a4cd-b3c0ea8b6412&refccid=HZHTRHS7YYZK2X2E6DMFTUXJOE&recalg=828,512&recidx=19", 
  "img_url": [
    "http://ak1.ostkcdn.com/images/products/10356160/Benchcraft-Paulie-DuraBlend-Loveseat-6db9768c-9791-48d8-9398-507c3e67f392_600.jpg"
  ], 
  "description": "The Paulie collection uses rich DuraBlend upholstery surrounding the dramatic flared arms and the plush seat and back cushions beautifully adorned with stylish tufted detailing to create an exciting collection that also provides the ultimate in comfort perfect for any living area.\nType: LoveseatMaterial: Bonded Leather, Foam, Wood, Poly Synthetic FiberStyle: ContemporaryAssembly: AssembledColor: Grey, Beige, OrangeStyleContemporaryMaterialBonded Leather, Cotton, Foam, Leather, Poly Synthetic Fiber, Polyester, WoodTypeLoveseatAssemblyAssembledColorBeige, Grey, Orange"
}