{
  "name": "Bennett_Black_Leather_Reclining_Sofa", 
  "price": "EUR 1182.57", 
  "reviews": [
    "failed to get review"
  ], 
  "link": "http://www.overstock.com/Home-Garden/Bennett-Black-Leather-Reclining-Sofa/10866121/product.html?recset=87cd6aeb-8a9b-448e-9762-0e1dea025563&refccid=G5AL63YQOLUY632EARNQKTWWWU&recalg=828,512&recidx=19", 
  "img_url": [
    "http://ak1.ostkcdn.com/images/products/10866121/Bennett-Black-Leather-Reclining-Sofa-bf84d2b3-2244-472d-8238-51ad22102bbf_600.jpg"
  ], 
  "description": "The Bennett sofa offers dual recliners with plush cushioning and ample proportions that make for ultra-comfortable seating. This showcases clean, modern lines and padded arms. It is covered in a black leather match fabric. The contemporary design, generous seating, and unique appeal emphasizes proportion and functionality. It also features a plastic covered foot rest for added protection that you can enjoy for years to come.\u00a0Set Includes: 1-SofaFinish: BlackUpholstery Material: PolyesterUpholstery Color: Tobacco BrownSeat Dimensions 19 inches wide x 21 inches deepDimensions: 90 inches long x 39 inches deep x 41 inches highType: Recliner, SofaMaterial: Metal, leatherStyle: ContemporaryAssembly RequiredColor: BrownStyleContemporaryMaterialMetal, VinylTypeRecliner, SofaAssemblyAssembly RequiredColorBlack, BrownFurniture PatternSolid"
}