{
  "name": "Black_Bonded_Leather_Reclining_Sofa", 
  "price": "EUR 1082.93", 
  "reviews": [
    "failed to get review"
  ], 
  "link": "http://www.overstock.com/Home-Garden/Black-Bonded-Leather-Reclining-Sofa/10898120/product.html?recset=743bc2fa-e6ae-486d-b599-2ab535e0e99c&refccid=P7M33XB2OZOZ2B2NC4XEI5PXNA&recalg=828,512&recidx=14", 
  "img_url": [
    "http://ak1.ostkcdn.com/images/products/10898120/Reclining-Sofa-Black-Bonded-Leather-cb8d71ea-1fad-4582-a995-435272c80387_600.jpg"
  ], 
  "description": "Upholstered in black bonded leather with generously padded head and arm rests, lumbar support and reclining mechanism, this sofa will be the perfect addition to any space. The stitch detailing and pillow top arms give this set a comfortable, modern look that is sure to enhance your living space. Ideal for movie night, reading a book or just to kick back and relax after a long day\u2019s work, this modular motion series was designed for ultimate comfort.\u00a0StyleCasual, Contemporary, TransitionalMaterialBonded Leather, Foam, WoodTypeRecliner, SofaAssemblyAssembly RequiredColorBlackFurniture PatternSolid"
}