{
  "name": "Brown_Bonded_Leather_Double_Recliner_with_Table_Console", 
  "price": "EUR 860.93", 
  "reviews": [
    "This recliner was damaged when received. One arm was bent so the recliner could not be closed on one side. I reported it to customer service at Overstock and got immediate feedback and the problem was resolved.", 
    "Not very difficult to assemble. I love the functionality. The center back converts to a table with cupholders which is very convenient on 'movie night'. There is also a large storage drawer under seat of middle section."
  ], 
  "link": "http://www.overstock.com/Home-Garden/Brown-Bonded-Leather-Double-Recliner-with-Table-Console/9273282/product.html?recset=87cd6aeb-8a9b-448e-9762-0e1dea025563&refccid=G5AL63YQOLUY632EARNQKTWWWU&recalg=828,512&recidx=10", 
  "img_url": [
    "http://ak1.ostkcdn.com/images/products/9273282/Reclining-Sofa-Brown-w-table-and-drawer-374ead06-fbd1-4b2b-b354-7d98f20e7a6f_600.jpg"
  ], 
  "description": "Enjoy family night or entertain in style and comfort with this alluring leather recliner. The beautiful bonded leather upholstery offers a timeless appeal, while spacious seating and a padded headrest make this double recliner both functional and luxurious. A table console and drawer offer space for snacks and media storage.\nDouble recliner with table and drawerSpacious comfortable seatingPadded headrestSet includes: SofaMaterials: Bonded leather upholsteryFinish: BrownUpholstery color: BrownUpholstery fill: FoamSeat dimensions: 19 inches highDimensions: 82 inches long x 39 inches deep x 40 inches tallStyleTransitionalMaterialBonded LeatherTypeSofaAssemblyAssembledColorBrownFurniture PatternSolid"
}