{
  "name": "Brown_Bonded_Leather_Reclining_Loveseat", 
  "price": "EUR 696.31", 
  "reviews": [
    "failed to get review"
  ], 
  "link": "http://www.overstock.com/Home-Garden/Brown-Bonded-Leather-Reclining-Loveseat/10898030/product.html?recset=53a1b3b2-1a9e-4db3-9a3c-7e0ab1346671&refccid=XNMMUAYQWWTJAWKNJGV5TZAL6I&recalg=828,512&recidx=3", 
  "img_url": [
    "http://ak1.ostkcdn.com/images/products/10898030/Reclining-Loveseat-Brown-Bonded-Leather-2d1d6940-74f1-4539-bf62-61d7e643f0ca_600.jpg"
  ], 
  "description": "The left and right facing reclining seats joined together instantly creates a loveseat. Upholstered in classic brown bonded leather with a comfortably padded head rest, excellent lumbar support and a reclining mechanism, this seat will be the perfect addition to any room. A plush seat back and sleek track arms give this loveseat a chic modern look that is sure to enhance your living space. Ideal for movie night, reading a book or just to kick back and relax after a long day\u2019s work, this modular motion series was designed for ultimate comfort.\u00a0Includes: One (1) loveseatFurniture Pattern: SolidType: Loveseat, ReclinerMaterial: Bonded Leather, Foam, WoodStyle: Contemporary, Casual, TransitionalAssembly: Assembly RequiredColor: BrownDimensions:\u00a041 inches high x 52 inches wide x 35 inches deepStyleCasual, Contemporary, TransitionalMaterialBonded Leather, Foam, WoodTypeLoveseat, ReclinerAssemblyAssembly RequiredColorBrownFurniture PatternSolid"
}