{
  "name": "Bryant_Home_Power_Reclining_Sofa", 
  "price": "EUR 981.13", 
  "reviews": [
    "failed to get review"
  ], 
  "link": "http://www.overstock.com/Home-Garden/Bryant-Home-Power-Reclining-Sofa/8477969/product.html?recset=fc7e2d60-b64a-493a-ae20-e34d7ecb30b0&refccid=2DBX6KFZ4XT3Z6KIKODTFIOP4I&recalg=828,512&recidx=7", 
  "img_url": [
    "http://ak1.ostkcdn.com/images/products/8477969/Bryant-Power-Reclining-Sofa-94f18408-a668-455a-9b92-ea9439f3af70_600.jpg"
  ], 
  "description": "Add a sleek, modern look to your living area with this elegant power reclining sofa. Simple, sophisticated and functional, this beautiful reclining sofa is upholstered in a gorgeous black bonded leather, making it the perfect addition to any modern decor style. The power recline feature allows you to easily kick back and relax, while the foam filling and spring coils offer comfort and support.\nModel: Bryant Power SofaMaterials: Bonded leather, plywood, larch, foam, fiber, spring coilsFill material: Foam, fiber, spring coilsUpholstery material: Bonded LeatherUpholstery color: BlackPower ReclinerInner dimensions: 40 inches high x 78 inches wide x 37 inches deepSofa dimensions: 40 inches high x 78 inches wide x 37 inches deepStyleContemporaryMaterialBonded Leather, Foam, Leather, WoodTypeSofaFinishBlack, WoodAssemblyAssembly RequiredColorBrownFurniture PatternSolidProduct FeaturesPower Recline"
}