{
  "name": "Bryant_Power_Reclining_Loveseat", 
  "price": "EUR 993.06", 
  "reviews": [
    "failed to get review"
  ], 
  "link": "http://www.overstock.com/Home-Garden/Bryant-Power-Reclining-Loveseat/8478380/product.html?recset=53a1b3b2-1a9e-4db3-9a3c-7e0ab1346671&refccid=XNMMUAYQWWTJAWKNJGV5TZAL6I&recalg=828,512&recidx=9", 
  "img_url": [
    "http://ak1.ostkcdn.com/images/products/8478380/Bryant-Power-Reclining-Loveseat-bd2fbc3a-63b9-432b-bf7e-0818ecc1205f_600.jpg"
  ], 
  "description": "Relax and enjoy the big game or your favorite movie with friends and family on this comfortable bonded leather loveseat.  You can bring comfort to a whole new level. Model: Bryant Power LoveseatQuantity: One(1) loveseatMaterials: Bonded leather, plywood, larch, foam, fiber, spring coilsFill material: Foam, fiber, spring coilsUpholstery material: Bonded leatherUpholstery color: BlackInner dimensions: 40 inches high x 56 inches wide x 37 inches deepLoveseat dimensions: 40 inches high x 56 inches wide x 37 inches deepStyleContemporary, Country, Mission, Modern, Rustic, Southwestern, Traditional, Transitional, Urban, VintageMaterialBonded Leather, Foam, WoodTypeLoveseat, SetsFinishBlack, WoodAssemblyAssembly RequiredColorBlackFurniture PatternSolidProduct FeaturesPower Recline"
}