{
  "name": "Cambridge_Ash_Convertible_Sofa_Bed", 
  "price": "EUR 493.27", 
  "reviews": [
    "failed to get review"
  ], 
  "link": "http://www.overstock.com/Home-Garden/Cambridge-Ash-Convertible-Sofa-Bed/10858364/product.html?recset=18d31f0c-6956-4d7e-951f-fab9bbc96318&refccid=NXCRHL27PSQ2B32ID3GLNAZCMM&recalg=828,512&recidx=13", 
  "img_url": [
    "http://ak1.ostkcdn.com/images/products/10858364/Cambridge-Ash-Convertible-Sofa-Bed-6e216cb3-b11f-4573-9502-cd1a54754c5b_600.jpg"
  ], 
  "description": "Get a modern look that adds comfort and style to your home with the Cambridge Convertible Sofa Bed. A European style with a sleek design will inspire a fresh look and bring comfort to your living space. With a hide away center console tray with cup holders you can now flip down the middle back cushion for added convenience and to keep drinks and snacks at hand. \nSeating space to accommodate everybodyDurable premium fabric requires minimal maintenanceButtoned back cushion for extra styleSofa converts into a sofa bed using click-clack mechanismHide away center console tray with cup holdersOther color finishes are availableEasy minimal assembly of arms and legsSofa dimensions: About Width: 77.17in Depth: 33.86in Height: 30.31inBed dimensions: About Width: 77.17in Depth: 42.52in Height: 14.96inSeat Height: About 14.96in Seat Depth: About 21.65inType: Recliner, Sleeper Sofa, SofaMaterial: WoodStyle: Mid-Century, Contemporary, Modern, Urban, TransitionalAssembly: Assembly RequiredExact Color: AshColor: GreyStyleContemporary, Mid-Century, Modern, Transitional, UrbanMaterialWoodTypeRecliner, Sleeper Sofa, SofaAssemblyAssembly RequiredColorGrey"
}