{
  "name": "Charcoal_Grey_Bonded_Leather_Reclining_Sofa", 
  "price": "EUR 996.29", 
  "reviews": [
    "failed to get review"
  ], 
  "link": "http://www.overstock.com/Home-Garden/Charcoal-Grey-Bonded-Leather-Reclining-Sofa/10898013/product.html?recset=b3b29cc3-6ed2-44df-a509-5c306f7e6e34&refccid=XQJ2Z3HBB3QY4ICIOF5PVIDBA4&recalg=828,512&recidx=14", 
  "img_url": [
    "http://ak1.ostkcdn.com/images/products/10898013/Reclining-Sofa-Charcoal-Grey-Bonded-Leather-45cad10b-b0f7-4f8e-8853-1b45cf2ade54_600.jpg"
  ], 
  "description": "Upholstered in charcoal grey bonded leather with padded head and arm rests, lumbar support and reclining mechanism, this will be the perfect addition to any space. The tufted detailing and sleek track arms give this set a chic modern look that is sure to enhance your living space. Ideal for movie night, reading a book or just to kick back and relax after a long day\u2019s work, this modular motion series was designed for ultimate comfort.\u00a0StyleCasual, Contemporary, TransitionalMaterialBonded Leather, Foam, WoodTypeRecliner, SofaAssemblyAssembly RequiredColorGreyFurniture PatternSolid"
}