{
  "name": "Christopher_Knight_Home_Guernsey_Faux_Leather_Storage_Ottoman_Bench", 
  "price": "EUR 178.67", 
  "reviews": [
    "failed to get review"
  ], 
  "link": "http://www.overstock.com/Home-Garden/Christopher-Knight-Home-Guernsey-Faux-Leather-Storage-Ottoman-Bench/11420973/product.html?recset=8983b5db-fe48-4156-a211-d668c0f22702&refccid=4RJ5JRWHDFRYDTCNRTIEX7GZOU&recalg=828,512&recidx=18", 
  "img_url": [
    "http://ak1.ostkcdn.com/images/products/11420973/Christopher-Knight-Home-Alden-Faux-Leather-Storage-Ottoman-Bench-5108cf46-2fcc-4c1e-af67-782dd433f11b_600.jpg"
  ], 
  "description": "Keep toys out of sight when not in use with this sleek storage ottoman. The Christopher Knight Home Guernsey features a padded seat and a long rectangular design, which allows it to serve as a great seating option when guests come to visit. The top lifts up, so you can toss toys in for quick and easy clean-up when you need it.Includes: One (1) Storage ottoman benchMaterials: PU, woodColor: Brown, grey, ivory, red, or tealAssembly required: YesWeight: 30- lbsDimensions: 17.25 inches high x 50.75 inches wide x 20 inches deepShape: RectanglePattern: SolidFurniture Room: Bedroom, Hall, Living Room, OfficeType: Standard Ottoman, Storage OttomanMaterial: Faux Leather, WoodStyle: Casual, Contemporary, ModernAssembly: Assembly RequiredExact Color: BrownColor: BrownStyleCasual, Contemporary, ModernMaterialFaux Leather, WoodTypeStandard Ottoman, Storage OttomanShapeRectangleAssemblyAssembly RequiredColorBrownFurniture PatternSolid"
}