{
  "name": "Christopher_Knight_Home_Outdoor_Puerta_5-piece_Wicker_Sectional_Sofa_Set_with_Cushions", 
  "price": "EUR 747.22", 
  "reviews": [
    "My husband and I put this together in about 2 hours (lots of packing material!). It's very nice and looks great in a small amount of space. Only critique - the cushions don't stay on very well. I plan on getting Velcro. Please pay attention to the specs, because it is a small set. But this is what I was looking for as my patio is on the smaller side.", 
    "Love this set. It was easy to put together. Very comfortable, great sturdy material and looks amazing on my patio."
  ], 
  "link": "http://www.overstock.com/Home-Garden/Christopher-Knight-Home-Outdoor-Puerta-5-piece-Wicker-Sectional-Sofa-Set-with-Cushions/11099977/product.html?recset=f7d95d2b-99ac-4419-8da6-9d818a757381&refccid=CV3KXZVKE42KBQ2NGVDR34EMRI&recalg=828,512&recidx=5", 
  "img_url": [
    "http://ak1.ostkcdn.com/images/products/11099977/Christopher-Knight-Home-Outdoor-Puerta-5-piece-Wicker-Sectional-Sofa-Set-with-Cushions-394cefe0-5c9b-4644-a779-71491ce2e445_600.jpg"
  ], 
  "description": "Furnish your outdoor living space with this lush outdoor wicker sofa set from Christopher Knight Home. This lovely set features durable powder coated iron, a sturdy wicker construction, and removable seat cushions for easy maintenance. Perfect for outdoor entertainment, this wicker sectional sofa set also works well when used as separate pieces. Place this set on your deck, in the garden or in the swimming pool area, and enjoy a drink or conversation with your family and friends.\rIncludes: One (1) right arm chair, one (1) left arm chair, one (1) armless chair, one (1) ottoman, and one (1 ) coffee tableMaterials: PE wicker, powder coated ironCushion material: Weather resistant polyester fabricColor options: Grey wicker with Black cushions or brown with beige cushionsAssembly required: YesRight/left arm chair dimensions: 27 inches high x 26.75 inches wide x 28.50 inches deep Right/left arm chair seat dimensions: 15.25 inches high x 22.75 inches wide x 22.50 inches deepArmless chair dimensions: 27 inches high x 27 inches wide x 28.50 inches deep Armless chair seat dimensions: 15.25 inches high x 22.75 inches wide x 22.50 inches deepOttoman dimensions: 15.50 inches high x 26.75 inches wide x 26.75 inches deep Table dimensions: 15.75 inches high x 35.50 inches high x 19.75 inches deep Product Features: Cushion Included, Ottoman Included, Water ResistantChair Type: Sofa, Sets, Wicker ChairsMaterial: Fabric, Iron, Polyester Blend, WickerStyle: Contemporary, Modern, TraditionalAssembly: Assembly RequiredChair Back Height: StandardExact Color: Grey, BrownColor: Black, Grey, Beige, BrownSize: 5-Piece SetsStyleContemporary, Modern, TraditionalMaterialFabric, Iron, Polyester Blend, WickerChair TypeSets, Sofa, Wicker ChairsAssemblyAssembly RequiredChair Back HeightStandardColorBeige, Black, Brown, GreyProduct FeaturesCushion Included, Ottoman Included, Water Resistant"
}