{
  "name": "Christopher_Knight_Home_Dejon_Chevron_Fabric_Loveseat", 
  "price": "EUR 268.02", 
  "reviews": [
    "I just had to have this. It makes the room pop with color and energy.", 
    "Perfect accent piece and easy to assemble! I purchased dark grey and used teal throw pillows. Yasss!"
  ], 
  "link": "http://www.overstock.com/Home-Garden/Christopher-Knight-Home-Dejon-Chevron-Fabric-Loveseat/11414287/product.html?recset=bdc1b34e-3576-43b7-8caf-735350088423&refccid=N3VXKS3SLBYKWDKDPP5ANVFMGQ&recalg=828,512&recidx=18", 
  "img_url": [
    "http://ak1.ostkcdn.com/images/products/11414287/Christopher-Knight-Home-Dejon-Chevron-Fabric-Loveseat-3b73b5f4-f1c1-46ab-9f36-993090f353e9_600.jpg"
  ], 
  "description": "As some spice and flavor to your life with the Christopher Knight Home Dejon loveseat. Available in select colors, this loveseat is sure to add that little something extra to your room. \nIncludes: One (1) loveseatMaterials: Fabric, woodColor options: Orange, light blue, navy, or dark greyFinish: EspressoAssembly required: YesWeight: 43-poundsDimensions: 33.50 inches high x 50 inches wide x 31.50 inches deepSeat dimensions: 18.50 inches high x 50 inches wide x 20.75 inches deepFurniture Pattern: ChevronType: LoveseatStyle: Casual, ModernMaterial: Fabric, WoodAssembly: Assembly RequiredExact Color: Grey, Light Blue, Navy, OrangeColor: Blue, Grey, OrangeStyleCasual, ModernMaterialFabric, WoodTypeLoveseatAssemblyAssembly RequiredColorBlue, Grey, OrangeFurniture PatternChevron"
}