{
  "name": "Christopher_Knight_Home_Guernsey_Studded_Faux_Leather_Storage_Ottoman_Bench", 
  "price": "EUR 194.92", 
  "reviews": [
    "Beautiful teal color and comfortable"
  ], 
  "link": "http://www.overstock.com/Home-Garden/Christopher-Knight-Home-Guernsey-Studded-Faux-Leather-Storage-Ottoman-Bench/11470843/product.html?recset=374129c1-a06c-41e7-8cca-e24590c5410f&refccid=5YUNS36FXLAJ3RSBRMZYLHYPAY&recalg=828,512&recidx=12", 
  "img_url": [
    "http://ak1.ostkcdn.com/images/products/11470843/Christopher-Knight-Home-Guernsey-Studded-Faux-Leather-Storage-Ottoman-Bench-441a8df5-214e-4af4-9ef3-63ae30de12e0_600.jpg"
  ], 
  "description": "Keep toys out of sight when not in use with this sleek storage ottoman. The ottoman features a padded seat, studded accents, and a long rectangular design, which allows it to serve as a great seating option when guests come to visit. The top lifts up, so you can toss toys in for quick and easy clean-up when you need it.\nIncludes: One (1) storage ottoman benchMaterials: PU, woodColor options: Brown, red, teal, grey, or ivory Assembly required: YesWeight: 30-poundsDimensions: 17 inches high x 51 inches wide x 20 inches deepShape: RectangleFurniture Pattern: SolidFurniture Room: Bedroom, Hall, Living Room, OfficeType: Standard Ottoman, Storage OttomanStyle: Contemporary, Casual, ModernMaterial: Faux Leather, WoodAssembly: Assembly RequiredExact Color: Ivory, Red, Grey, Teal, BrownColor: Red, Grey, Green, Off-White, BrownStyleCasual, Contemporary, ModernMaterialFaux Leather, WoodTypeStandard Ottoman, Storage OttomanShapeRectangleAssemblyAssembly RequiredColorBrown, Green, Grey, Off-White, RedFurniture PatternSolid"
}