{
  "name": "Christopher_Knight_Home_Outdoor_Antibes_3-piece_Wicker_Bistro_Set_with_Cushions", 
  "price": "EUR 350.33", 
  "reviews": [
    "I like the chairs! I haven't been able to put them with the table yet, but I like Christopher Knight products! They are great for the money! They hold up really well and are very comfortable.", 
    "The orders was shipped on time and arrived at our villa several days early. The packaging was excellent. The assembly instructions were very clear and the estimated assemble time was accurate. Once assembled (less than 30 minutes per chair), the items were substantial, solid, comfortable. So far, I would recommend."
  ], 
  "link": "http://www.overstock.com/Home-Garden/Christopher-Knight-Home-Outdoor-Antibes-3-piece-Wicker-Bistro-Set-with-Cushions/11078738/product.html?recset=35c3ddbe-de73-45e7-b73d-ebc66da6525a&refccid=I3XPDFMGTUEZVKSDF4WWHTB5XE&recalg=828,512&recidx=18", 
  "img_url": [
    "http://ak1.ostkcdn.com/images/products/11078738/Christopher-Knight-Home-Outdoor-Antibes-3-piece-Wicker-Bistro-Set-with-Cushions-93b0fc6d-a8b9-4fd8-90ea-a8b3221fc2d2_600.jpg"
  ], 
  "description": "Charming and attractive, this Christopher Knight Home Antibes 3-piece wicker bistro set will add a comfortable refinement to your patio or outdoor setting. The accent table and soft chairs are durable and weather resistant. The rich brown finish and appealing beige upholstery give the set an inviting look that will make entertaining your guests that much easier.Includes: Two (2) chairs, one (1) tableMaterials: Wicker, powder coated ironCushion material: Weather resistant polyester fabricColor: Multi-brown or greyAssembly required: YesChair dimensions: 31 inches high x 36 inches wide x 30 inches deepChair seat dimensions: 26.75 inches high x 23.25 inches wide x 17.50 inches deepChair armrest dimensions: 24.50 inches highChair weight: 32-poundsTable dimensions: 15 inches high x 19.75 inches wide x 19.75 inches deepTable weight: 16-poundsShape: SquareWater ResistantMaterial: Fabric, Iron, Polyester Blend, WickerStyle: Contemporary, Modern, TraditionalAssembly: Assembly RequiredSet Size: Set of 3Color: Beige, Brown, greyStyleContemporary, Modern, TraditionalMaterialFabric, Iron, Polyester Blend, WickerChair TypeWicker ChairsSet SizeSet of 3ShapeSquareAssemblyAssembly RequiredColorBeige, Brown, GreyProduct FeaturesWater Resistant"
}