{
  "name": "Christopher_Knight_Home_Hastings_Tufted_Faux_Leather_Storage_Ottoman", 
  "price": "EUR 212.25", 
  "reviews": [
    "This ottoman is exactly as advertised and looks beautiful in my family room. The color is rich (I ordered red) and the tufting is nicely done. The only assembly required was putting on the legs. Easy! There's plenty of area for storage in the bench and I think it will serve me well.I would highly recommend this ottoman.", 
    "Love this item, just the right size to fit into my bathroom."
  ], 
  "link": "http://www.overstock.com/Home-Garden/Christopher-Knight-Home-Hastings-Tufted-Faux-Leather-Storage-Ottoman/11414158/product.html?recset=374129c1-a06c-41e7-8cca-e24590c5410f&refccid=5YUNS36FXLAJ3RSBRMZYLHYPAY&recalg=828,512&recidx=8", 
  "img_url": [
    "http://ak1.ostkcdn.com/images/products/11414158/Christopher-Knight-Home-Hastings-Tufted-Faux-Leather-Storage-Ottoman-db92e505-a259-47dd-8d06-cc33a758f41e_600.jpg"
  ], 
  "description": "Complement almost any decor with the Christopher Knight Home Hastings storage ottoman bench while giving yourself a great conversation piece. It's detailed construction, inside storage space, and overall classic look is the perfect addition to your home.Includes: One (1) Storage ottoman benchMaterials: PU, wood Color: Brown, Red, Ivory, Teal, and GreyFinish: EspressoTufted top, padded topAssembly requires: YesWeight: 33- lbsDimensions: 18.25 inches high x 50 inches wide x 20.50 inches deepInterior dimensions: 9 inches high x 44.25 inches wide x 14.75 inches deepShape: RectanglePattern: SolidFurniture Room: Bedroom, Hall, Living Room, OfficeType: Standard Ottoman, Storage OttomanStyle: Casual, Contemporary, ModernMaterial: Faux Leather, WoodExact Color: BrownStyleCasual, Contemporary, ModernMaterialFaux Leather, WoodTypeStandard Ottoman, Storage OttomanShapeRectangleAssemblyAssembly RequiredColorBrownFurniture PatternSolid"
}