{
  "name": "Christopher_Knight_Home_Alden_Tufted_Fabric_Armed_Storage_Ottoman_Bench", 
  "price": "EUR 187.34", 
  "reviews": [
    "The Ottoman fits in my corner perfectly. The cushion could have been a little thicker.The color is perfect and I love the shape."
  ], 
  "link": "http://www.overstock.com/Home-Garden/Christopher-Knight-Home-Alden-Tufted-Fabric-Armed-Storage-Ottoman-Bench/11489412/product.html?recset=374129c1-a06c-41e7-8cca-e24590c5410f&refccid=5YUNS36FXLAJ3RSBRMZYLHYPAY&recalg=828,512&recidx=0", 
  "img_url": [
    "http://ak1.ostkcdn.com/images/products/11489412/Christopher-Knight-Home-Alden-Tufted-Fabric-Armed-Storage-Ottoman-Bench-1807dd7c-f52e-4a7a-916b-f945dbab5821_600.jpg"
  ], 
  "description": "Use the durable Christopher Knight Home Alden ottoman as a wide extra seating option as the plush design and padded arms make it a comfortable place to relax. Constructed with a solid wood frame for durability, this ottoman has a fabric exterior that creates an elegant style.\nIncludes: One (1) storage ottoman benchMaterials: Fabric, woodColor options: Light grey, grey, or beige Finish: EspressoAssembly required: YesWeight: 29-poundsDimensions: 21 inches high x 45.50 inches wide x 17.25 inches deepShape: RectangleFurniture Pattern: SolidFurniture Room: Bedroom, Hall, Living Room, OfficeType: Standard Ottoman, Storage OttomanStyle: Contemporary, Casual, ModernMaterial: Wood, FabricAssembly: Assembly RequiredExact Color: Grey, Beige, Light GreyColor: Grey, BeigeStyleCasual, Contemporary, ModernMaterialFabric, WoodTypeStandard Ottoman, Storage OttomanShapeRectangleAssemblyAssembly RequiredColorBeige, GreyFurniture PatternSolid"
}