{
  "name": "Christopher_Knight_Home_Drake_3-piece_Faux_Leather_Tray_Top_Nested_Storage_Ottoman_Bench", 
  "price": "EUR 212.25", 
  "reviews": [
    "failed to get review"
  ], 
  "link": "http://www.overstock.com/Home-Garden/Christopher-Knight-Home-Drake-3-piece-Faux-Leather-Tray-Top-Nested-Storage-Ottoman-Bench/11421080/product.html?recset=374129c1-a06c-41e7-8cca-e24590c5410f&refccid=5YUNS36FXLAJ3RSBRMZYLHYPAY&recalg=828,512&recidx=5", 
  "img_url": [
    "http://ak1.ostkcdn.com/images/products/11421080/Christopher-Knight-Home-Drake-3-piece-Faux-Leather-Tray-Top-Nested-Storage-Ottoman-Bench-fcd04994-a43a-464b-b252-6b2948bbc6e4_600.jpg"
  ], 
  "description": "Pull out extra seating in a pinch with the Christopher Knight Home Drake 3-piece nested storage ottoman bench. The set includes one storage ottoman and two cube ottomans that fit inside the large one. Store the smaller ottomans away until needed, or leave them out and fill the storage ottoman with throw pillows, blankets and other accessories. The top of the storage ottoman flips over to reveal a handy tray, turning the ottoman into a temporary coffee table.Includes: One (1) Storage ottoman bench, Two (2) ottoman cubesMaterials: PU, woodColor: Brown, grey, ivory, teal, or tea greenAssembly required: YesWeight: 33- lbsDimensions: 16.25 inches high x 34.75 inches wide x 17.25 inches deepShape: RectanglePattern: SolidFurniture Room: Bedroom, Hall, Living Room, OfficeType: Standard Ottoman, Storage OttomanStyle: Contemporary, Casual, ModernMaterial: Faux Leather, WoodAssembly required: NoExact Color: BrownColor: BrownStyleCasual, Contemporary, ModernMaterialFaux Leather, WoodTypeStandard Ottoman, Storage OttomanShapeRectangleAssemblyAssembly RequiredColorBrownFurniture PatternSolid"
}