{
  "name": "Christopher_Knight_Home_Samedi_PU_Leather_Recliner_Club_Chair", 
  "price": "EUR 194.92", 
  "reviews": [
    "The chair was a very good bargain. It's very comfortable. I wish it was just wider.", 
    "Smaller than it looks in the pictures, but it's still pretty comfortable. If you're a big person, look for a bigger chair.", 
    "Chair is nice- but smaller than I thought.. More of a petite - feminine chair. My husband wouldn't be able to sit in it... But nice for my daughter and me. Not really a napping chair- but comfortable to be awake in.", 
    ""
  ], 
  "link": "http://www.overstock.com/Home-Garden/Christopher-Knight-Home-Samedi-PU-Leather-Recliner-Club-Chair/11104248/product.html?recset=00b735cc-1845-4fdf-9770-79542b475b3a&refccid=6CGA4KXSCKBK2L2NTHFRVNBOHU&recalg=828,512&recidx=7", 
  "img_url": [
    "http://ak1.ostkcdn.com/images/products/11104248/Christopher-Knight-Home-Samedi-PU-Leather-Recliner-Club-Chair-f4873d35-2e25-4514-9cbe-5018b109df11_600.jpg"
  ], 
  "description": "The Christopher Knight Home Samedi recliner club chair is a\nwonderful addition to any room. Available in select colors, this\nrecliner enjoys a classic look, while still keeping its clean lines\nand simple feel. Includes: One (1) recliner club chairMaterials: PU leather, woodColor options: Black, red, or whiteFinish: BlackAssembly required: YesWeight: 64-poundsDimensions: 42 inches high x 26 inches wide x 35.75 inches\n  deepSeat dimensions: 18 inches high x 19.25 inches wide x 20.25\n  inches deepArmrest dimensions: 21.50 inches highFurniture Pattern: SolidChair Type: ReclinersStyle: Casual, Modern, TraditionalMaterial: Faux Leather, WoodAssembly: Assembly RequiredExact Color: White, Red, BlackColor: White, Red, BlackStyleCasual, Modern, TraditionalMaterialFaux Leather, WoodChair TypeReclinersAssemblyAssembly RequiredColorBlack, Red, WhiteFurniture PatternSolid"
}