{
  "name": "Christopher_Knight_Home_Dallon_PU_Leather_Recliner_Club_Chair", 
  "price": "EUR 368.19", 
  "reviews": [
    "Comfortable but very small, I'm only 5 feet tall & my feet were flat ion floor when sitting in it. Also cheaply made, felt rickety & wobbly when pushing out recliner", 
    "My mom buys all of her furniture from Hudsons so she thinks she can recognize the best furniture. She even said the chair looks like real leather. Perfect size in my living room to add to my decor instead of the typical big granddad recliners. Love it!", 
    "small, but big enough for my small space. i'm 5'6, 140lbs and my head is easily above the back of the chair. feels a little wobbly when reclined. chair DOES NOT lock into position when reclined all the way back. if you recline it all the way and then make the slightest move forward, or adjust yourself, the back pops up. like i said, it's just okay...for now. i would not purchase it again."
  ], 
  "link": "http://www.overstock.com/Home-Garden/Christopher-Knight-Home-Dallon-PU-Leather-Recliner-Club-Chair/11104774/product.html?recset=374129c1-a06c-41e7-8cca-e24590c5410f&refccid=5YUNS36FXLAJ3RSBRMZYLHYPAY&recalg=828,512&recidx=18", 
  "img_url": [
    "http://ak1.ostkcdn.com/images/products/11104774/Christopher-Knight-Home-Dallon-PU-Leather-Recliner-Club-Chair-5abe3e35-9c6e-4582-8afe-4f2a11e0906e_600.jpg"
  ], 
  "description": "If you are looking for that perfect recliner to add to your living\nroom, then look no further than the Christopher Knight Home Dallon\nrecliner club chair. This recliner will not only add a bit of depth\nto your living room decor, but it is also smooth to the touch, with\nits PU leather finish, adding that extra bit of style and comfort\nto your living room all year round. Includes: One (1) recliner club chairMaterials: PU leather, woodColor options: BlackFinish: EspressoAssembly required: YesWeight: 70-poundsDimensions: 37.75 inches high x 37.50 inches wide x 33 inches\n  deepSeat: 19.25 inches high x 19.5 inches wide x 19.25 inches\n  deepArms: 24.25 inches highSeat Cushion: 19.5 inches wide x 19.25 inches deepFurniture Pattern: SolidChair Type: ReclinersStyle: Casual, Modern, TraditionalMaterial: Faux Leather, WoodAssembly: Assembly RequiredExact Color: BlackColor: BlackStyleCasual, Modern, TraditionalMaterialFaux Leather, WoodChair TypeReclinersAssemblyAssembly RequiredColorBlackFurniture PatternSolid"
}