{
  "name": "Christopher_Knight_Home_Torino_Fabric_Armed_Storage_Ottoman_Bench", 
  "price": "EUR 180.85", 
  "reviews": [
    "Like the design. It fits well with our queen bed and matches perfectly with our room. Only problem was the bench came in missing parts. Also, it came in as used because the screws were clearly used by someone before."
  ], 
  "link": "http://www.overstock.com/Home-Garden/Christopher-Knight-Home-Torino-Fabric-Armed-Storage-Ottoman-Bench/11420908/product.html?recset=f7d95d2b-99ac-4419-8da6-9d818a757381&refccid=CV3KXZVKE42KBQ2NGVDR34EMRI&recalg=828,512&recidx=18", 
  "img_url": [
    "http://ak1.ostkcdn.com/images/products/11420908/Christopher-Knight-Home-Torino-Fabric-Armed-Storage-Ottoman-Bench-e1382c9f-afce-4709-9f1d-b5381db97843_600.jpg"
  ], 
  "description": "Use the durable Christopher Knight Home Torino ottoman as a wide extra seating option as the plush design and padded arms make it a comfortable place to relax. Constructed with a solid wood frame for durability, this ottoman has a fabric exterior that creates an elegant style. \nIncludes: One (1) storage ottoman benchMaterials: Fabric, woodColor options: Light grey, grey, or beigeFinish: EspressoAssembly required: YesWeight: 32-poundsDimensions: 18.25 inches high x 50 inches wide x 20.25 inches deepSeat dimensions: 14 inches high x 37 inches wide x 18.75 inches deepShape: RectangleFurniture Pattern: SolidFurniture Room: Bedroom, Hall, Living Room, OfficeType: Standard Ottoman, Storage OttomanStyle: Contemporary, Casual, ModernMaterial: Wood, FabricAssembly: Assembly RequiredExact Color: Grey, Beige, Light GreyColor: Grey, BeigeStyleCasual, Contemporary, ModernMaterialFabric, WoodTypeStandard Ottoman, Storage OttomanShapeRectangleAssemblyAssembly RequiredColorBeige, GreyFurniture PatternSolid"
}