{
  "name": "Christopher_Knight_Home_Lucinda_Faux_Leather_Storage_Ottoman_Bench", 
  "price": "EUR 140.77", 
  "reviews": [
    "I have been looking and finally found the right product"
  ], 
  "link": "http://www.overstock.com/Home-Garden/Christopher-Knight-Home-Lucinda-Faux-Leather-Storage-Ottoman-Bench/11421023/product.html?recset=374129c1-a06c-41e7-8cca-e24590c5410f&refccid=5YUNS36FXLAJ3RSBRMZYLHYPAY&recalg=828,512&recidx=2", 
  "img_url": [
    "http://ak1.ostkcdn.com/images/products/11421023/Christopher-Knight-Home-Lucinda-Faux-Leather-Storage-Ottoman-Bench-f033e724-9576-44b6-9c03-551cfed3944a_600.jpg"
  ], 
  "description": "Give your home a refined design with a beautiful, faux leather storage ottoman bench. Made from solid wood, this storage ottoman bench is suitable for storage, seating or use as a coffee table. The rectangular form lends itself to a number of placements among your existing furniture arrangement. The versatility of the padded storage ottoman bench makes it a must have.Includes: One (1) Storage Ottoman BenchType: Storage OttomanStyle: ContemporaryPattern: SolidColor: Brown, grey, red, teal, or ivoryMaterial: Faux Leather, WoodWeight: 25 lbs.Interior dimensions: 10 inches high x 47 inches wide x 13.25 inches deepDimensions (overall): 16.25 inches high x 51.25 inches wide x 17.5 inches deepStyleCasual, Contemporary, ModernMaterialFaux Leather, WoodTypeStandard Ottoman, Storage OttomanShapeRectangleAssemblyAssembly RequiredColorBrown, Grey, RedFurniture PatternSolid"
}