{
  "name": "Christopher_Knight_Home_Tabahri_Fabric_Recliner_Club_Chair", 
  "price": "EUR 265.31", 
  "reviews": [
    "for the price.....it was more than good.", 
    "Brought all stuff for my seconfd home in Florida. Llove all the items purchased but the better... The service. Overstock your amazing..."
  ], 
  "link": "http://www.overstock.com/Home-Garden/Christopher-Knight-Home-Tabahri-Fabric-Recliner-Club-Chair/11104247/product.html?recset=00b735cc-1845-4fdf-9770-79542b475b3a&refccid=6CGA4KXSCKBK2L2NTHFRVNBOHU&recalg=828,512&recidx=5", 
  "img_url": [
    "http://ak1.ostkcdn.com/images/products/11104247/Christopher-Knight-Home-Tabahri-Fabric-Recliner-Club-Chair-164c461f-fb3f-49d8-ac12-bb0916dcc3a1_600.jpg"
  ], 
  "description": "The Christopher Knight Home Tabahri recliner club chair is a wonderful addition to any room. This recliner enjoys a classic look, while still keeping its clean lines and simple feel. \rIncludes: One (1) recliner club chairMaterials: Fabric, woodColor: GreyFinish: Espresso Assembly required: YesWeight: 52-poundsDimensions: 39.75 inches high x 26.75 inches wide x 35 inches deep Seat dimensions: 17.75 inches high x 20.50 inches wide x 19 inches deepArmrest dimensions: 22.25 inches highFurniture Pattern: SolidChair Type: ReclinersStyle: Casual, Contemporary, Modern, TraditionalMaterial: Fabric, WoodAssembly: Assembly RequiredExact Color: GreyColor: GreyStyleCasual, Contemporary, Modern, TraditionalMaterialFabric, WoodChair TypeReclinersAssemblyAssembly RequiredColorGreyFurniture PatternSolid"
}