{
  "name": "Cleveland_Ash_Convertible_Sofa_Bed", 
  "price": "EUR 706.62", 
  "reviews": [
    "failed to get review"
  ], 
  "link": "http://www.overstock.com/Home-Garden/Cleveland-Ash-Convertible-Sofa-Bed/10878858/product.html?recset=18d31f0c-6956-4d7e-951f-fab9bbc96318&refccid=NXCRHL27PSQ2B32ID3GLNAZCMM&recalg=828,512&recidx=7", 
  "img_url": [
    "http://ak1.ostkcdn.com/images/products/10878858/Cleveland-Ash-Convertible-Sofa-Bed-5e372d17-99c5-4782-b25d-dd84f84a3993_600.jpg"
  ], 
  "description": "Get a modern look that adds comfort and style to your home with the Cleveland Convertible Sofa Bed. European style with a sleek design will inspire a fresh look and bring comfort to your living space. \rSeating space to accommodate everyoneDurable premium fabric requires minimal maintenanceButtoned cushions and arm rests for extra styleSofa easily converts into a sofa bed using click-clack mechanismOther color finishes are availableEasy minimal assembly of arms and legsSofa Dimensions: Width: 85.43in Depth:34.45in Height:30.31inBed Dimensions: Width: 85.43in Depth:42.91in Height:14.57inSeat Height: About 14.57in Seat Depth: About 21.26inType: Recliner, Sleeper Sofa, SofaMaterial: WoodStyle: Contemporary, Modern, Mid-Century, Transitional, UrbanAssembly: Assembly RequiredExact Color: AshColor: GreyStyleContemporary, Mid-Century, Modern, Transitional, UrbanMaterialWoodTypeRecliner, Sleeper Sofa, SofaAssemblyAssembly RequiredColorGrey"
}