{
  "name": "DHP_Navy_Orfino_Velour_Futon", 
  "price": "EUR 263.67", 
  "reviews": [
    "The couch is easy to assemble and it easy to transition from the sofa mode into the flat, futon mode. It is light weight and the color is true to the picture. I wish it was more comfortable."
  ], 
  "link": "http://www.overstock.com/Home-Garden/DHP-Navy-Orfino-Velour-Futon/10488155/product.html?recset=f7d95d2b-99ac-4419-8da6-9d818a757381&refccid=CV3KXZVKE42KBQ2NGVDR34EMRI&recalg=828,512&recidx=10", 
  "img_url": [
    "http://ak1.ostkcdn.com/images/products/10488155/DHP-Navy-Orfino-Velour-Futon-712b4cc1-e215-4f3a-91b6-946431e378c5_600.jpg"
  ], 
  "description": "The soft velour fabric, classic diamond tufted design and wood\nscroll legs provide both high fashion and comfort. The DHP Orfino\nFuton can be quickly transformed from sofa to sleeper to lounger,\nmaking it a must have in any home.Classic wood scroll legsMid-century modern designSoft velour fabricDiamond tufted cushion designSimple assemblyWeight limit is 600 poundsSet includes: One (1) futonMaterials: Wood, microfiber, foamFinish: MicrofiberUpholstery color: NavyUpholstery fill: FoamShips in one (1) cartonWeight: 57.5 poundsSeat dimensions: 18 inches high x 70 inches wide x 25 inches\n  deepSleeping dimensions: 15 inches high x 70 inches wide x 43\n  inches deepOverall dimensions: 29 inches high x 70 inches wide x 32\n  inches deepFurniture Pattern: SolidFurniture Room: Bedroom, Living Room, OfficeType: Sleeper Sofa, SofaMaterial: Wood, Foam, MicrofiberStyle: Modern, Transitional, ContemporaryAssembly: Assembly RequiredThickness: 7 InchExact Color: NavySize: FullColor: BlueStyleContemporary, Modern, TransitionalMaterialFoam, Microfiber, WoodTypeSleeper Sofa, SofaThickness7 InchAssemblyAssembly RequiredColorBlueFurniture PatternSolid"
}