{
  "name": "Eclipse_Series_2-Seat_Reclining_Black_Leather_Theater_Seating_Unit_with_Cup_Holders", 
  "price": "EUR 638.23", 
  "reviews": [
    "I wish I had purchase ones with a recliner that had a handle to pull out the recliner out", 
    "love the fact that it fits our space. It does seem like its going to sag soon. Will update if that happens", 
    "Wish it had a foot stool handle, other than that we like a lot", 
    "This seating unit is by far the best buy for your money comfy, looks great , real leather and delivered right to my door..great purchase.", 
    "bit heavy to carry but worth the money", 
    "Beautiful, sturdy furniture."
  ], 
  "link": "http://www.overstock.com/Home-Garden/Eclipse-Series-2-Seat-Reclining-Black-Leather-Theater-Seating-Unit-with-Cup-Holders/10089528/product.html?recset=743bc2fa-e6ae-486d-b599-2ab535e0e99c&refccid=P7M33XB2OZOZ2B2NC4XEI5PXNA&recalg=828,512&recidx=17", 
  "img_url": [
    "http://ak1.ostkcdn.com/images/products/10089528/Eclipse-Series-2-Seat-Reclining-Black-Leather-Theater-Seating-Unit-with-Cup-Holders-b3e1c8e0-9a37-4a10-94ad-ca73e112f16e_600.jpg"
  ], 
  "description": "Convert your living room into your own personal movie theater with the Eclipse Series 2-seat reclining black leather theater seating unit. The unit includes cup holders so you and your family can enjoy your movie watching experience without getting up to get a refreshment.Solid furniture patternLiving room furnitureChair features theater seating styleMade of leather, metal and plasticContemporary styleSeating unit comes assembledSeating unit comes in blackStyleContemporaryMaterialLeather, Metal, PlasticChair TypeTheater SeatingAssemblyAssembledColorBlackFurniture PatternSolid"
}