{
  "name": "Estella_Beige_Leather_Reclining_Sofa", 
  "price": "EUR 1200.98", 
  "reviews": [
    "failed to get review"
  ], 
  "link": "http://www.overstock.com/Home-Garden/Estella-Beige-Leather-Reclining-Sofa/10858250/product.html?recset=fc7e2d60-b64a-493a-ae20-e34d7ecb30b0&refccid=2DBX6KFZ4XT3Z6KIKODTFIOP4I&recalg=828,512&recidx=2", 
  "img_url": [
    "http://ak1.ostkcdn.com/images/products/10858250/Estella-Beige-Leather-Reclining-Sofa-1a47e5c7-8210-4898-9c56-821718e12d55_600.jpg"
  ], 
  "description": "The Estella sofa offers dual recliners with plush cushioning and ample proportions that help you recieve ultra-comfortable seating. This showcases clean, modern lines and padded arms. It is covered in a Stucco Grey Leather Gel fabric. The contemporary design, generous seating and unique appeal emphasize proportion and functionality.Set Includes: One (1) loveseatFrame Material: Wood frame Finish: BrownUpholstery Material: Leather GelUpholstery Color: BeigeSeat Dimensions: 22 inches wide x 20.87 inches deepDimensions: Loveseat: 60 inches long x 35 inches deep x 35 inches highAssembly RequiredType: Recliner, SofaMaterial: Wood, Leather GelStyle: ContemporaryColor: BeigeStyleContemporaryMaterialLeather, WoodTypeRecliner, SofaAssemblyAssembly RequiredColorBeige, GreyFurniture PatternSolid"
}