{
  "name": "Ferrara_Beige_Leather_Nailhead_Sofa", 
  "price": "EUR 823.02", 
  "reviews": [
    "failed to get review"
  ], 
  "link": "http://www.overstock.com/Home-Garden/Ferrara-Beige-Leather-Nailhead-Sofa/11023835/product.html?recset=fc7e2d60-b64a-493a-ae20-e34d7ecb30b0&refccid=2DBX6KFZ4XT3Z6KIKODTFIOP4I&recalg=828,512&recidx=19", 
  "img_url": [
    "http://ak1.ostkcdn.com/images/products/11023835/Ferrara-Beige-Leather-Nailhead-Sofa-fc8c98d6-c404-4729-bc6c-0bd83cb8763c_600.jpg"
  ], 
  "description": "The Ferrara Living room set is an impeccable example of truly memorable, opulent contemporary design. Your Living room will be the height of dignified fashions with top quality materials & construction. The set features a nail head design and is available in multiple colors.\nFurniture Pattern: SolidType: SofaMaterial: LeatherStyle: ContemporaryAssembly: AssembledColor: BeigeStyleCasual, Contemporary, Modern, UrbanMaterialLeatherTypeSofaAssemblyAssembledColorBeigeFurniture PatternSolid"
}