{
  "name": "Furniture_of_America_Hurshel_Grey_Faux_Leather_Reclining_Sofa", 
  "price": "EUR 882.59", 
  "reviews": [
    "failed to get review"
  ], 
  "link": "http://www.overstock.com/Home-Garden/Furniture-of-America-Hurshel-Grey-Faux-Leather-Reclining-Sofa/9762542/product.html?recset=87cd6aeb-8a9b-448e-9762-0e1dea025563&refccid=G5AL63YQOLUY632EARNQKTWWWU&recalg=828,512&recidx=17", 
  "img_url": [
    "http://ak1.ostkcdn.com/images/products/9762542/Furniture-of-America-Hurshel-Grey-Faux-Leather-Reclining-Sofa-6be5014b-a44a-457d-a261-87a12c7aab77_600.jpg"
  ], 
  "description": "Embrace comfort and convenience with this delightfully inviting sofa. Bucket seats, padded cushions and wide designs all play a part in making this sofa stand out visually while offering hours of relaxation.\rSet includes: One (1) sofaMaterials: Metal, faux leather, foam, plasticFinish: GreyUpholstery material: Faux leatherUpholstery fill: FoamReclining function on each end seat easily accessed with simple side latch pullsPuffed faux leather upholstery creates a luxurious cradleBucket seat design adds a comforting effect to the entire pieceMatching recliner and loveseat sold separatelyAll dimensions are approximateSofa dimensions: 39 inches high x 84 inches wide x 38 inches deepStyleContemporary, Modern, TransitionalMaterialFaux Leather, Foam, Metal, PlasticTypeSofaAssemblyAssembly RequiredColorGreyFurniture PatternSolidProduct FeaturesPower Recline"
}