{
  "name": "Furniture_of_America_Dessie_Traditional_Tufted_Sofa", 
  "price": "EUR 1375.34", 
  "reviews": [
    "failed to get review"
  ], 
  "link": "http://www.overstock.com/Home-Garden/Furniture-of-America-Dessie-Traditional-Tufted-Sofa/11502192/product.html?recset=8a4f16c7-d0a9-4f63-ba5c-25772c372f06&refccid=T4YLSYN7CJA2Q3COPNYGPCGUUM&recalg=828,512&recidx=0", 
  "img_url": [
    "http://ak1.ostkcdn.com/images/products/11502192/Furniture-of-America-Dessie-Traditional-Tufted-Sofa-492e0f79-5592-4c1e-81ba-b0669e42f526_600.jpg"
  ], 
  "description": "Add some bright sparkles to your home with this tufted and adorned sofa. The soft flannelette fabric wraps tightly around the chesterfield inspired frame and comes paired with bold throw pillows.Set includes: One (1) sofaUpholstery color options: Blue, grey or plumUpholstery material: FlanneletteUpholstery fill: FoamChesterfield inspired frameworkSolid wood craftsmanshipFoam filled seat cushionFlared arms with nailhead trimAccented with button tufted crystal-like acrylicsFinished wooden bun feet supportsIncludes two (2) matching accent pillowsMatching chair and loveseat available, sold separatelyAll dimensions are approximateSeat dimensions: 19.5 inches high x 24.5 inches deepSofa dimensions: 34 inches high x 90 inches wide x 35.25 inches deepStyleTraditional, TransitionalMaterialAcrylic, Fabric, Foam, Metal, WoodTypeSofaAssemblyAssembly RequiredColorBlue, Grey, PurpleFurniture PatternSolid"
}