{
  "name": "Furniture_of_America_Hurshel_Grey_Faux_Leather_Reclining_Loveseat_with_Console", 
  "price": "EUR 904.58", 
  "reviews": [
    "failed to get review"
  ], 
  "link": "http://www.overstock.com/Home-Garden/Furniture-of-America-Hurshel-Grey-Faux-Leather-Reclining-Loveseat-with-Console/9762526/product.html?recset=87cd6aeb-8a9b-448e-9762-0e1dea025563&refccid=G5AL63YQOLUY632EARNQKTWWWU&recalg=828,512&recidx=8", 
  "img_url": [
    "http://ak1.ostkcdn.com/images/products/9762526/Furniture-of-America-Hurshel-Grey-Faux-Leather-Reclining-Loveseat-with-Console-e9b986b3-97f1-4d08-b021-ed361cfb5fbd_600.jpg"
  ], 
  "description": "Embrace comfort and convenience with this delightfully inviting loveseat. Included with the piece is a handy center console between the two reclining parts of the loveseat, which offers a large compartment and two additional cup holders.\rSet includes: One (1) loveseat and one (1) center consoleMaterials: Metal, faux leather, foam, plasticFinish: GreyUpholstery material: Faux leatherUpholstery fill: FoamReclining function on both seats easily accessed with simple side latch pullsCenter console in loveseat provides one (1) covered storage and two (2) cup holdersPuffed faux leather upholstery creates a luxurious cradleBucket seat design adds a comforting effect to the entire pieceMatching recliner and sofa sold separatelyAll dimensions are approximateLoveseat dimensions: 39 inches high x 76 inches wide x 38 inches deepStyleContemporary, Modern, TransitionalMaterialFaux Leather, Foam, Metal, PlasticTypeLoveseatAssemblyAssembly RequiredColorGreyFurniture PatternSolidProduct FeaturesPower Recline"
}