{
  "name": "Furniture_of_America_Loffman_Grey_Bonded_Leather_Reclining_Loveseat", 
  "price": "EUR 1193.40", 
  "reviews": [
    "failed to get review"
  ], 
  "link": "http://www.overstock.com/Home-Garden/Furniture-of-America-Loffman-Grey-Bonded-Leather-Reclining-Loveseat/11045968/product.html?recset=53a1b3b2-1a9e-4db3-9a3c-7e0ab1346671&refccid=XNMMUAYQWWTJAWKNJGV5TZAL6I&recalg=828,512&recidx=16", 
  "img_url": [
    "http://ak1.ostkcdn.com/images/products/11045968/Furniture-of-America-Loffman-Grey-Bonded-Leather-Reclining-Loveseat-7c949294-5189-43d7-ba6b-2b005ff556ad_600.jpg"
  ], 
  "description": "Loosen up your limbs with this smooth and shined reclining loveseat. The slick grey upholstery is the perfect neutral color that fits well with any setting while the leg supports can be popped out with the easy side latches.\rSet includes: One (1) loveseatUpholstery: GreyUpholstery material: Breathable bonded leatherUpholstery fill: FoamDouble recliner seat with simple side leversBold accent stitching along exteriorBreathable bonded leather for a cooler seating environmentWide structure padded with comforting foamMatching recliner chair and sofa available, sold separatelyAll dimensions are approximateSeat dimensions: 20.5 inches high x 21.5 inches deepOverall dimensions: 39 inches high x 68 inches wide x 41 inches deepStyleTransitionalMaterialBonded Leather, Foam, MetalTypeLoveseat, ReclinerAssemblyAssembly RequiredColorGreyFurniture PatternSolid"
}