{
  "name": "Gavin_Brown_Bonded_Leather_Dual_Reclining_Sofa", 
  "price": "EUR 915.08", 
  "reviews": [
    "failed to get review"
  ], 
  "link": "http://www.overstock.com/Home-Garden/Gavin-Brown-Bonded-Leather-Dual-Reclining-Sofa/8700933/product.html?recset=87cd6aeb-8a9b-448e-9762-0e1dea025563&refccid=G5AL63YQOLUY632EARNQKTWWWU&recalg=828,512&recidx=15", 
  "img_url": [
    "http://ak1.ostkcdn.com/images/products/8700933/Gavin-Brown-Bonded-Leather-Sofa-21a7abc7-d8d7-4fb7-a4bb-6c92ff41d9da_600.jpg"
  ], 
  "description": "Dependable Comfort.Part of our motion line of furniture, the Gavin Reclining Sofa has a built-in solid metal reclining mechanism that at the pull of a handle furnish a restful spot to read or watch TV. Bonded leather and complementing stitching elegantly dress the sofa. Recline in the room in comfort.Includes: SofaFrame material: Wood/ metalFinish: BrownUpholstery material: Bonded leatherUpholstery color: BrownSeat dimensions: 27 inches high x 19 inches deep x 25 inches longDimensions: 42 inches high x 37 inches deep x 80 inches longStyleContemporary, Country, Mission, Modern, Rustic, Southwestern, Traditional, Transitional, Urban, VintageMaterialBonded LeatherTypeSets, SofaAssemblyAssembly RequiredColorBrownFurniture PatternSolid"
}