{
  "name": "Grey_Bonded_Leather_Reclining_Sofa_Charcoal", 
  "price": "EUR 1039.61", 
  "reviews": [
    "failed to get review"
  ], 
  "link": "http://www.overstock.com/Home-Garden/Grey-Bonded-Leather-Reclining-Sofa-Charcoal/10898038/product.html?recset=c0a46852-e529-452f-b32e-b09118a433ad&refccid=7JCK4AUJVW7KKM2I7SJLDLQXDM&recalg=828,512&recidx=17", 
  "img_url": [
    "http://ak1.ostkcdn.com/images/products/10898038/Reclining-Sofa-Charcoal-Grey-Bonded-Leather-dbbbbaba-b70e-4120-a276-c24a5ccc7fef_600.jpg"
  ], 
  "description": "Upholstered in stylish grey bonded leather with a padded head rest, excellent lumbar support and a reclining mechanism, this set will be the perfect addition to any space. A plush seat back and sleek track arms give this set a chic modern look that is sure to enhance your living space. Ideal for movie night, reading a book or just to kick back and relax after a long day\u2019s work, this modular motion series was designed for ultimate comfort.\u00a0Includes: One (1) sofaFurniture Pattern: SolidType: Sofa, ReclinerMaterial: Bonded Leather, Foam, WoodStyle: Contemporary, Casual, TransitionalAssembly: Assembly RequiredExact Color: CharcoalColor: GreyDimensions:\u00a041 inches high x 74 inches wide x 35 inches deepStyleCasual, Contemporary, TransitionalMaterialBonded Leather, Foam, WoodTypeRecliner, SofaAssemblyAssembly RequiredColorGreyFurniture PatternSolid"
}