{
  "name": "Hazelton_Home_Gavin_Adjustable_Bar_Stool", 
  "price": "EUR 86.63", 
  "reviews": [
    "failed to get review"
  ], 
  "link": "http://www.overstock.com/Home-Garden/Hazelton-Home-Gavin-Adjustable-Bar-Stool/9821232/product.html?recset=35c3ddbe-de73-45e7-b73d-ebc66da6525a&refccid=I3XPDFMGTUEZVKSDF4WWHTB5XE&recalg=828,512&recidx=12", 
  "img_url": [
    "http://ak1.ostkcdn.com/images/products/9821232/Hazelton-Home-Gavin-Adjustable-Bar-Stool-6f704f19-f9ff-470b-8830-3eb72b4bc50b_600.jpg"
  ], 
  "description": "This industrial barstool features an adjustable steel seat in a\nmatte grey finish and a powder coated steel base. Sturdy and\nwell-constructed for placement in restaurants, bars and residential\nsettings. Set includes: One (1) barstoolMaterials: SteelFinish: Matte greySeat dimensions: AdjustableDimensions: 14 inches long x 14 inches wide x 33.5 inches\n  highMaterialSteelFinishGrey FinishSeat HeightAdjustableSet SizeSingleAssemblyAssembly RequiredColorBlackFurniture Frame MaterialSteelFurniture PatternSolidProduct FeaturesSwivel"
}