{
  "name": "Home_Styles_Barnside_Executive_Desk,_Hutch,_and_Mobile_File", 
  "price": "EUR 923.62", 
  "reviews": [
    "failed to get review"
  ], 
  "link": "http://www.overstock.com/Home-Garden/Home-Styles-Barnside-Executive-Desk-Hutch-and-Mobile-File/8876103/product.html?recset=93a8502a-acd4-44cd-b7db-3c3a2e41e5b9&refccid=CJTHTW5OFZ4ZAG2LHFQLVE4R7M&recalg=828,512&recidx=6", 
  "img_url": [
    "http://ak1.ostkcdn.com/images/products/8876103/Barnside-Executive-Desk-Hutch-and-Mobile-File-dd6b1599-fc17-44b4-af33-89b4f56c647f_600.jpg"
  ], 
  "description": "Rustic charm meets contemporary style in the Barnside furniture collection. Ideal for home offices, this set features an executive desk, a coordinating hutch and a mobile file cart to help you work easily and stay organized. A plank-style slat design with a brown finish paired with pewter-finish hardware allows this handsome piece to easily coordinate with most existing decor.\nDrop down drawer functions has a keyboard tray with full extension ball bearing guidesPewter finished hardwarePlank slat-style designFinished on all sidesHutch features cable accessApproximately 1300 square inches of work spaceFinish and measurements may vary slightlyFile drawer can accept legal or letter sized paperHidden casters on mobile fileMaterials: Poplar solids and veneersFinish: Weathered aged barnsideSet includes: Desk, hutch, and mobile fileNumber of drawers: eight (8)Weight: Desk and Hutch - 172 lbs; Mobile File - 75Desk Dimensions: 42.75 inches high x 54 inches wide x 24 inches deepMobile File Dimensions: 22.25 inches high x 16.75 inches wide x 20 inches deepStyleModernMaterialVeneer, WoodFinishWeatheredDesk TypeComputer Desks, Executive Desks, Secretary Desks, Writing DesksAssemblyAssembly RequiredColorBrownProduct FeaturesIncludes Hardware, Keyboard Tray"
}