{
  "name": "Home_Styles_Stockbridge_Kitchen_Island", 
  "price": "EUR 1107.31", 
  "reviews": [
    "failed to get review"
  ], 
  "link": "http://www.overstock.com/Home-Garden/Home-Styles-Stockbridge-Kitchen-Island/11138429/product.html?recset=35c3ddbe-de73-45e7-b73d-ebc66da6525a&refccid=I3XPDFMGTUEZVKSDF4WWHTB5XE&recalg=828,512&recidx=7", 
  "img_url": [
    "http://ak1.ostkcdn.com/images/products/11138429/Stockbridge-Kitchen-Island-6ce5db6b-6e86-4caf-9266-8d04861f848f_600.jpg"
  ], 
  "description": "Create a relaxing and warm environment with the Stockbridge Kitchen Island by Home Styles. This Overstock Exclusive's weathered finish creates the look of time worn character. The popular distressed gray finish adds casual elegance to any d\u00e9cor. \r.75 inch black granite inlay topDrop leaf that rises to extend depth to 37 inchesTwo (2) adjustable shelves on each sideOne (1) storage drawerOne (1) storage cabinet containing adjustable shelvesAntiqued brushed nickel hardwareOverstock exclusiveDistressed and aged worn lookFinish and measurements may vary slightlyMaterials: Hardwood solids and engineered woodsFinish: Distressed grayDimensions: 36.25 inches high x 48 inches wide x 27 inches deepWeight:  284 lbsMaterial: WoodAssembly: Assembly RequiredCart Type: Stationary IslandExact Color: GreyFinish: Nickel FinishColor: GreyMaterialWoodFinishNickel FinishAssemblyAssembly RequiredCart TypeStationary IslandColorGrey"
}