{
  "name": "INSPIRE_Q_Dillion_Urban_Ellipse_Arm_Comfort_Upholstered_Loveseat", 
  "price": "EUR 249.07", 
  "reviews": [
    "failed to get review"
  ], 
  "link": "http://www.overstock.com/Home-Garden/INSPIRE-Q-Dillion-Urban-Ellipse-Arm-Comfort-Upholstered-Loveseat/10376362/product.html?recset=771019d1-290e-4320-ba74-78a99f46e503&refccid=5EISR23FYZ7YMF2ERU7KYFL3VI&recalg=828,512&recidx=19", 
  "img_url": [
    "http://ak1.ostkcdn.com/images/products/10376362/INSPIRE-Q-Dillion-Urban-Ellipse-Arm-Comfort-Upholstered-Loveseat-01595639-4dd8-489b-83fa-1d896af53b57_600.jpg"
  ], 
  "description": "Reflect your taste for clean design with both traditional and modern flair with this elegant loveseat from Inspire Q. This piece features clean lines and contemporary style that is oh-so comfortable. Easy to move and arrange when desired, this versatile loveseat can be placed almost anywhere to liven up any room.Ellipse armsSet includes: One (1) loveseat Materials: Solid wood frame, foam, polyester and fabricWood finish: Espresso Upholstery color: Grey Upholstery fill: FoamFoam density: 25DFire Retardant: YesCushions are not reversible, and does not have zipperSeat cushion thickness: 7 inchesArm height from the floor: 24 inchesBack cushion height: 18.9 inchesSeat Dimensions: 21.5 inches high x 19.5 inches deep x 40.5 inches wide Overall loveseat dimensions: 37 inches high x 35 inches deep x 54 inches wideFurniture Pattern: SolidType: LoveseatStyle: Casual, UrbanMaterial: Wood, FabricAssembly: Assembly RequiredColor: GreyStyleCasual, UrbanMaterialFabric, WoodTypeLoveseatAssemblyAssembly RequiredColorGreyFurniture PatternSolid"
}