{
  "name": "INSPIRE_Q_Dillion_Urban_Track_Arm_Tufted_Sofa", 
  "price": "EUR 400.68", 
  "reviews": [
    "failed to get review"
  ], 
  "link": "http://www.overstock.com/Home-Garden/INSPIRE-Q-Dillion-Urban-Track-Arm-Tufted-Sofa/10376364/product.html?recset=771019d1-290e-4320-ba74-78a99f46e503&refccid=5EISR23FYZ7YMF2ERU7KYFL3VI&recalg=828,512&recidx=0", 
  "img_url": [
    "http://ak1.ostkcdn.com/images/products/10376364/INSPIRE-Q-Dillion-Urban-Track-Arm-Tufted-Sofa-29008bdc-8153-4616-9ceb-9ce3b7e084f2_600.jpg"
  ], 
  "description": "The rounded arms and extra cushioned profile design of this sofa make it the perfect addition to any modern living room. Simple lines give it an elegance that is sure to stand out and catch the attention of your guests each and every visit. The soft upholstery and sturdy wooden frame ensure the long-lasting enjoyment with this sofa.Rounded track armsTufted back cushionSet includes: One (1) sofa Materials: Solid wood frame, foam, polyester and fabricWood finish: Espresso Upholstery color: Grey Upholstery fill: FoamFoam density: 25DFire Retardant: YesCushions are not reversible, and does not have zipperSeat cushion thickness: 7 inchesArm height from the floor: 24 inchesBack cushion height: 18.9 inchesSeat Dimensions: 21.5 inches high x 19.5 inches deep x 61 inches wide Overall sofa dimensions: 37 inches high x 35 inches deep x 76.75 inches wideFurniture Pattern: SolidType: SofaStyle: Casual, UrbanMaterial: Wood, FabricAssembly: Assembly RequiredColor: GreyStyleCasual, Shabby Chic, UrbanMaterialFabric, WoodTypeSofaAssemblyAssembly RequiredColorGreyFurniture PatternSolid"
}