{
  "name": "INSPIRE_Q_Dillion_Urban_Ellipse_Arm_Comfort_Upholstered_Sofa", 
  "price": "EUR 389.85", 
  "reviews": [
    "failed to get review"
  ], 
  "link": "http://www.overstock.com/Home-Garden/INSPIRE-Q-Dillion-Urban-Ellipse-Arm-Comfort-Upholstered-Sofa/10376360/product.html?recset=771019d1-290e-4320-ba74-78a99f46e503&refccid=5EISR23FYZ7YMF2ERU7KYFL3VI&recalg=828,512&recidx=1", 
  "img_url": [
    "http://ak1.ostkcdn.com/images/products/10376360/INSPIRE-Q-Dillion-Urban-Ellipse-Arm-Comfort-Upholstered-Sofa-e6b09c23-ae1e-43ad-b1da-2f7077eb7100_600.jpg"
  ], 
  "description": "Reflect your taste for clean design with both traditional and modern flair with this elegant fofa from Inspire Q. This piece features clean lines and contemporary style that is oh-so comfortable. With its easy to match, versatile color, this sofa is compatible with a variety of color schemes and decor.Ellipse armsSet includes: One (1) sofa Materials: Solid wood frame, foam, polyester and fabricWood finish: Espresso Upholstery color: Grey Upholstery fill: FoamFoam density: 25DFire Retardant: YesCushions are not reversible, and does not have zipperSeat cushion thickness: 7 inchesArm height from the floor: 24 inchesBack cushion height: 18.9 inchesSeat Dimensions: 21.5 inches high x 19.5 inches deep x 61 inches wide Overall sofa dimensions: 37 inches high x 35 inches deep x 76.75 inches wideFurniture Pattern: SolidType: SofaStyle: Casual, UrbanMaterial: Wood, FabricAssembly: Assembly RequiredColor: GreyStyleCasual, UrbanMaterialFabric, WoodTypeSofaAssemblyAssembly RequiredColorGreyFurniture PatternSolid"
}