{
  "name": "Ivory_Bonded_Leather_Swivel_Glider_Recliner", 
  "price": "EUR 595.60", 
  "reviews": [
    "failed to get review"
  ], 
  "link": "http://www.overstock.com/Home-Garden/Ivory-Bonded-Leather-Swivel-Glider-Recliner/9683634/product.html?recset=c0a46852-e529-452f-b32e-b09118a433ad&refccid=7JCK4AUJVW7KKM2I7SJLDLQXDM&recalg=828,512&recidx=15", 
  "img_url": [
    "http://ak1.ostkcdn.com/images/products/9683634/IVORY-BONDED-LEATHER-SWIVEL-GLIDER-RECLINER-874793fc-6060-4bf6-b845-508e908b705e_600.jpg"
  ], 
  "description": "This contemporary design accent chair combines 3 functional elements. It swivels, it glides and it reclines, ensuring that you are always in a comfortable position. This ivory bonded leather chair comes with padded head and arm rests, designed for ultimate comfort. The easy glide motion and the contemporary design makes it a multi-functional and fashionable addition for your den, bedroom, living room or basement.\r\n\r\nSet includes: One (1) reclinerMaterials: Bonded leather, pine, plywoodFinish: IvoryUpholstery color: IvorySeat dimensions: 21 inches high x 20 inches wide x 8 inches longDimensions: 40 inches high x 29 inches wide x 36 inches longStyleContemporaryMaterialBonded LeatherChair TypeReclinersAssemblyAssembly RequiredColorOff-WhiteFurniture PatternSolidProduct FeaturesSwivel"
}