{
  "name": "Jess_Leather_3-piece_Living_Room_Collection", 
  "price": "EUR 1591.93", 
  "reviews": [
    "failed to get review"
  ], 
  "link": "http://www.overstock.com/Home-Garden/Jess-Leather-3-piece-Living-Room-Collection/10051932/product.html?recset=45e7dfea-2953-4f26-a4cd-b3c0ea8b6412&refccid=HZHTRHS7YYZK2X2E6DMFTUXJOE&recalg=828,512&recidx=17", 
  "img_url": [
    "http://ak1.ostkcdn.com/images/products/10051932/Jess-Leather-3-piece-Living-Room-Collection-16f0996c-0c19-4484-8d8d-30a503482b87_600.jpg"
  ], 
  "description": "The Jess Leather Collection will be a luxurious addition to any decor. This collection features a contemporary design with straight lines and rectangular shapes. Plush cushions provide maximum comfort while a solid wood frame and webbed back construction increase strength and durability. The seat cushions are attached to the frame and feature loose filled fiber.\rSet includes: One (1) sofa, one (1) loveseat, one (1) chairMaterials: Leather, foam, woodFinish: Dark brownUpholstery materials: Bonded leatherUpholstery color: White, black, brownSofa: 33.75 inches high x 33.5 inches wide x 78 inches longLove seat: 33.75 inches high x 33.5 inches wide x 61.5 inches longChair: 33.75 inches high x 33.5 inches wide x 40 inches longStyleContemporary, Modern, Traditional, TransitionalMaterialBonded Leather, Cotton, Fabric, Foam, LeatherChair TypeArm Chairs, Sets, SofaSet Include3 PieceAssemblyAssembledColorBlack, Brown, WhiteFurniture PatternSolid"
}