{
  "name": "Leather_Match_Power_Dual_Reclining_Sofa", 
  "price": "EUR 1970.96", 
  "reviews": [
    "failed to get review"
  ], 
  "link": "http://www.overstock.com/Home-Garden/Leather-Match-Power-Dual-Reclining-Sofa/10181873/product.html?recset=b3b29cc3-6ed2-44df-a509-5c306f7e6e34&refccid=XQJ2Z3HBB3QY4ICIOF5PVIDBA4&recalg=828,512&recidx=16", 
  "img_url": [
    "http://ak1.ostkcdn.com/images/products/10181873/Leather-Match-Power-Dual-Reclining-Sofa-8c802179-9814-4431-af50-25d33c7d5afa_600.jpg"
  ], 
  "description": "Construction features include solid wood frames, no-sag springs, and Leggett & Platt\u00ae mechanisms for longevity and support. The Welby combines form, fashion, and function in a collection with clean modern lines and features including heavy shaped arms, generous padding, and a sleek easy-to-clean surface. Chaise lounge motion reclining seat offer comfort and contemporary style.\rSet includes: One (1) power recliner sofaMaterials: Solid wood, plywood, PU, top leatherFinish: Brown or off-whitePower motionDesigner stitchingPadded armsNo-sag springsPower button controlsKD backCushion type: fixed seat cushion type: fixed backDimensions: 87.5 inches long x 37 inches wide x 41 inches highSeat height: 19.5 inchesSeat depth: 21 inchesArm height: 25 inchesStyleContemporaryMaterialBonded Leather, Foam, Leather, WoodTypeSofaAssemblyAssembly RequiredColorBrown, Off-WhiteFurniture PatternSolidProduct FeaturesPower Recline"
}