{
  "name": "Leonardo_White_Leather_Sofa", 
  "price": "EUR 2390.07", 
  "reviews": [
    "failed to get review"
  ], 
  "link": "http://www.overstock.com/Home-Garden/Leonardo-White-Leather-Sofa/10756511/product.html?recset=b3b29cc3-6ed2-44df-a509-5c306f7e6e34&refccid=XQJ2Z3HBB3QY4ICIOF5PVIDBA4&recalg=828,512&recidx=8", 
  "img_url": [
    "http://ak1.ostkcdn.com/images/products/10756511/Leonardo-Leather-Sofa-White-Leather-Chrome-7d4a649a-ff1b-4ce9-9298-07ee878ba6fd_600.jpg"
  ], 
  "description": "Colored in white leather and chrome, the Leonardo Leather Sofa is ideal for your home. The leather, chrome and steel construction gives you a sturdy piece that will last for years to come.Chair Type: Lounge Chairs, SofaMaterial: Leather, Chrome, SteelStyle: Modern, ContemporaryAssembly: Assembly RequiredColor: WhiteStyleContemporary, ModernMaterialChrome, Leather, SteelChair TypeLounge Chairs, SofaAssemblyAssembly RequiredColorWhite"
}