{
  "name": "Linsey_Microvelvet_Reclining_Loveseat", 
  "price": "EUR 893.42", 
  "reviews": [
    "failed to get review"
  ], 
  "link": "http://www.overstock.com/Home-Garden/Linsey-Microvelvet-Reclining-Loveseat/10586880/product.html?recset=c200eaa1-e79e-4e6a-ac1c-8d2dc97ba51f&refccid=ZGRDTE2RBUSJSNKJAFM5SBJW5U&recalg=828,512&recidx=14", 
  "img_url": [
    "http://ak1.ostkcdn.com/images/products/10586880/Linsey-Microvelvet-Reclining-Loveseat-5e65f5a0-312a-4c16-a4fb-dce5b5733b1a_600.jpg"
  ], 
  "description": "Add some stylish seating to your home with this comfortable loveseat from Linsey. Available in two colors, this sofa reclines and features a microvelvet cover.Set includes: one (1) reclining loveseatMaterials: Micro-velvet, WoodUpholstery materials: Micro-velvetUpholstery color: Camel or Dark Brown Upholstery fill: PVC Form Micro-VelvetStuffed backModern designSeat dimensions: 19 inches highDimensions: Loveseat: 39 inches high x 61 inches wide x 38.5 inches deepFurniture Pattern: SolidType: LoveseatMaterial: Microfiber BlendStyle: TraditionalAssembly: Assembly RequiredExact Color: Camel, BrownColor: Beige, BrownStyleTraditionalMaterialMicrofiber BlendTypeLoveseatChair TypeLoveseatAssemblyAssembly RequiredColorBeige, BrownFurniture PatternSolid"
}