{
  "name": "Linsey_Microvelvet_Reclining_Sofa_and_Loveseat", 
  "price": "EUR 1518.28", 
  "reviews": [
    "failed to get review"
  ], 
  "link": "http://www.overstock.com/Home-Garden/Linsey-Microvelvet-Reclining-Sofa-and-Loveseat/10587158/product.html?recset=743bc2fa-e6ae-486d-b599-2ab535e0e99c&refccid=P7M33XB2OZOZ2B2NC4XEI5PXNA&recalg=828,512&recidx=13", 
  "img_url": [
    "http://ak1.ostkcdn.com/images/products/10587158/Linsey-Microvelvet-Reclining-Sofa-and-Loveseat-7d8145c3-d89e-4c25-9a5f-8f2583b9587f_600.jpg"
  ], 
  "description": "Add a comfortable place to sit with this loveseat and sofa set, featuring reclining functions in order to add to your relaxation. The living room set is available in two versatile colors to ensure a perfect fit with your existing room theme.Furniture Pattern: SolidChair Type: Loveseat, SofaMaterial: MicrosuedeStyle: ModernAssembly: Assembly RequiredSet Include: 2 PieceExact Color: Beige, BrownColor: BrownStyleModernMaterialMicrosuedeTypeLoveseatChair TypeLoveseat, SofaSet Include2 PieceAssemblyAssembly RequiredColorBrownFurniture PatternSolid"
}