{
  "name": "Luca_Home_Grey_Leather_Contemporary_Loveseat", 
  "price": "EUR 1269.21", 
  "reviews": [
    "Not comfortable. The arms are to far away from the seating area. But the worst thing is that the leather/naugahyde color does not match in different areas of the love seat.", 
    "I needed smaller furniture for a family area - really like this loveseat recliner. the color is soft and a perfect grey."
  ], 
  "link": "http://www.overstock.com/Home-Garden/Luca-Home-Grey-Leather-Contemporary-Loveseat/10136114/product.html?recset=53a1b3b2-1a9e-4db3-9a3c-7e0ab1346671&refccid=XNMMUAYQWWTJAWKNJGV5TZAL6I&recalg=828,512&recidx=2", 
  "img_url": [
    "http://ak1.ostkcdn.com/images/products/10136114/Luca-Home-Grey-Leather-Contemporary-Loveseat-39be7a0d-582c-4d48-a853-0c541f60ee7f_320.jpg"
  ], 
  "description": "This modern living room reclining loveseat features the finest\ngenuine Italian leather upholstery combined with the best designed\nleather match material applied to areas of minimal use. European\nstyling and design - this piece is sure to impress and relax your\nfriends, family and of course yourself. Loveseat features two\nrecliners for maximum relaxation.                                          StyleContemporaryMaterialLeather, Synthetic LeatherTypeLoveseatAssemblyAssembledColorGreyFurniture PatternSolid"
}