{
  "name": "LYKE_Home_Ramos_Cream_Reclining_Chair", 
  "price": "EUR 605.90", 
  "reviews": [
    "failed to get review"
  ], 
  "link": "http://www.overstock.com/Home-Garden/LYKE-Home-Ramos-Cream-Reclining-Chair/10192011/product.html?recset=fc7e2d60-b64a-493a-ae20-e34d7ecb30b0&refccid=2DBX6KFZ4XT3Z6KIKODTFIOP4I&recalg=828,512&recidx=9", 
  "img_url": [
    "http://ak1.ostkcdn.com/images/products/10192011/LYKE-Home-Ramos-Cream-Reclining-Chair-8e3a25dd-2309-416e-84cb-9f1bbb88d733_600.jpg"
  ], 
  "description": "After a long day come home to the Ramos Recliner by LYKE Home\nfinished in a Cream leather it is the perfect touch to your living\narea. Padded seats, plush backs and arms provide the ultimate\ncomfort you will need. Chair Type: Accent ChairsMaterial: Leather, MetalStyle: ContemporaryAssembly: AssembledColor: CreamStyleContemporaryMaterialLeather, MetalChair TypeAccent ChairsAssemblyAssembledChair Back HeightStandardColorCreamFurniture PatternSolid"
}