{
  "name": "LYKE_Home_Daryl_Cream_Motion_Loveseat", 
  "price": "EUR 898.84", 
  "reviews": [
    "failed to get review"
  ], 
  "link": "http://www.overstock.com/Home-Garden/LYKE-Home-Daryl-Cream-Motion-Loveseat/10613641/product.html?recset=b3b29cc3-6ed2-44df-a509-5c306f7e6e34&refccid=XQJ2Z3HBB3QY4ICIOF5PVIDBA4&recalg=828,512&recidx=7", 
  "img_url": [
    "http://ak1.ostkcdn.com/images/products/10613641/LYKE-Home-Daryl-Cream-Motion-Loveseat-b346b7d2-dc4b-4d38-b405-d5f49cdc0aaa_600.jpg"
  ], 
  "description": "If your looking to experience plush comfortable seating it is\nexactly what will happen with this cream bonded leather reclining\nloveseat by LYKE Home. Featuring Padded arms,extra plush backs with\neasy reclining creates the ultimate relaxation.Type: LoveseatStyle: TransitionalColor: Ivory (Cream)Pattern: SolidMaterial: LeatherStyleTransitionalMaterialLeatherTypeLoveseatAssemblyAssembledColorCreamFurniture PatternSolid"
}