{
  "name": "LYKE_Home_Daryl_Cream_Recliner", 
  "price": "EUR 709.32", 
  "reviews": [
    "This recliner is beautiful. Plush, cushy, and very comfortable. I love it. The cream color is perfect, and the chair is well made. Exactly what I wanted. Very attractive addition to my room."
  ], 
  "link": "http://www.overstock.com/Home-Garden/LYKE-Home-Daryl-Cream-Recliner/10885117/product.html?recset=45e7dfea-2953-4f26-a4cd-b3c0ea8b6412&refccid=HZHTRHS7YYZK2X2E6DMFTUXJOE&recalg=828,512&recidx=9", 
  "img_url": [
    "http://ak1.ostkcdn.com/images/products/10885117/LYKE-Home-Daryl-Cream-Recliner-9ede4cba-b138-4a34-aef4-4a8b10e854e1_600.jpg"
  ], 
  "description": "If you're looking to experience plush comfortable seating, it is exactly what will happen with this cream bonded leather recliner by LYKE Home. Featuring padded arms, extra plush backs with easy reclining creates the ultimate relaxation.Pattern: SolidType: ReclinersMaterial: LeatherStyle: ContemporaryColor: BeigeDimensions: 40 inches long x 37 inches wide x 38 inches highStyleContemporaryMaterialLeatherChair TypeReclinersAssemblyAssembledColorBeigeFurniture PatternSolid"
}