{
  "name": "LYKE_Home_Daryl_Cream_Motion_Sofa", 
  "price": "EUR 1104.60", 
  "reviews": [
    "failed to get review"
  ], 
  "link": "http://www.overstock.com/Home-Garden/LYKE-Home-Daryl-Cream-Motion-Sofa/10613643/product.html?recset=b3b29cc3-6ed2-44df-a509-5c306f7e6e34&refccid=XQJ2Z3HBB3QY4ICIOF5PVIDBA4&recalg=828,512&recidx=5", 
  "img_url": [
    "http://ak1.ostkcdn.com/images/products/10613643/LYKE-Home-Daryl-Cream-Motion-Sofa-9cd67337-ef33-4b97-a9c6-2a43611fa781_600.jpg"
  ], 
  "description": "If your looking to experience plush comfortable seating it is exactly what will happen with this cream bonded leather reclining sofa by LYKE Home. Featuring Padded arms,extra plush backs with easy reclining creates the ultimate relaxation.Type: SofaStyle: TransitionalColor: Cream (Ivory)Pattern: SolidMaterial: LeatherStyleTransitionalMaterialLeatherTypeSofaAssemblyAssembledColorCreamFurniture PatternSolid"
}