{
  "name": "Madison_Home_Chesterfield_Tufted_Scroll_Arm_Sofa", 
  "price": "EUR 969.23", 
  "reviews": [
    "It is not comfortable, thew back is low for people taller than 5'8\", but looks great in my livingroom where we hardly sit anyway!"
  ], 
  "link": "http://www.overstock.com/Home-Garden/Madison-Home-Chesterfield-Tufted-Scroll-Arm-Sofa/10372284/product.html?recset=c0a46852-e529-452f-b32e-b09118a433ad&refccid=7JCK4AUJVW7KKM2I7SJLDLQXDM&recalg=828,512&recidx=18", 
  "img_url": [
    "http://ak1.ostkcdn.com/images/products/10372284/Madison-Home-Chesterfield-Tufted-Scroll-Arm-Black-Sofa-da64c08f-357b-4f17-9cff-3ab422ca62ad_600.jpg"
  ], 
  "description": "Introducing our chesterfield tufted modern sofas for your home office or your newly renovated loft. This piece of furniture will give any room a touch of modernism and sophistication. StyleContemporary, Rustic, VintageMaterialBonded Leather, WoodTypeSofaAssemblyAssembly RequiredColorWhiteFurniture PatternSolid"
}