{
  "name": "Madison_Reclining_Sofa_and_Loveseat_Set", 
  "price": "EUR 1386.17", 
  "reviews": [
    "failed to get review"
  ], 
  "link": "http://www.overstock.com/Home-Garden/Madison-Reclining-Sofa-and-Loveseat-Set/11368622/product.html?recset=87cd6aeb-8a9b-448e-9762-0e1dea025563&refccid=G5AL63YQOLUY632EARNQKTWWWU&recalg=828,512&recidx=13", 
  "img_url": [
    "http://ak1.ostkcdn.com/images/products/11368622/Madison-Reclining-Sofa-and-Loveseat-Set-8683fcdc-f24f-46a0-a3c4-52ad28758517_600.jpg"
  ], 
  "description": " Set includes: (1) dual reclining sofa and (1) dual reclining loveseat\nMaterials: Bonded leather, wood, metal\nUpholstery color: Brown, blackFurniture Pattern: SolidChair Type: ReclinersMaterial: Bonded Leather, Wood, MetalStyle: ContemporaryAssembly: AssembledSet Include: 2-PieceExact Color: Black, BrownColor: Black, BrownStyleContemporaryMaterialBonded Leather, Metal, WoodChair TypeReclinersSet Include2 PieceAssemblyAssembledColorBlack, BrownFurniture PatternSolid"
}