{
  "name": "Meridian_Gramercy_Reclining_Sofa_with_Plush_Pillow_Arms", 
  "price": "EUR 812.19", 
  "reviews": [
    "it's really very awesome sofa. Size is pretty big and I loved it."
  ], 
  "link": "http://www.overstock.com/Home-Garden/Meridian-Gramercy-Reclining-Sofa-with-Plush-Pillow-Arms/10650243/product.html?recset=fc7e2d60-b64a-493a-ae20-e34d7ecb30b0&refccid=2DBX6KFZ4XT3Z6KIKODTFIOP4I&recalg=828,512&recidx=13", 
  "img_url": [
    "http://ak1.ostkcdn.com/images/products/10650243/Meridian-Gramercy-Reclining-Sofa-with-Plush-Pillow-Arms-9915b315-9417-4181-a870-f3a606be116e_600.jpg"
  ], 
  "description": "The Reclining Motion Living Room Set in Bonded Leather  by Meridian Furniture is the perfect sanctuary. Made to give you the ultimate comfort and relaxation you deserve. Features duel reclining sofa & loveseat as well as a drop down console in the sofa. You can customize any combination of pieces to best suit your needs. Removable backs for easy doorway access. Available in multiple colors.\rType: SofaMaterial: Bonded LeatherStyle: TransitionalAssembly: AssembledColor: Red, Black, BrownType: SofaMaterial: Bonded LeatherStyle: TransitionalAssembly: AssembledColor: Red, Black, BrownStyleCasual, Contemporary, Modern, Traditional, TransitionalMaterialBonded Leather, LeatherTypeRecliner, SofaAssemblyAssembledColorBlack, Brown, RedFurniture PatternSolid"
}