{
  "name": "Moser_Bay_Furniture_Roll_Arm_7_Seats_Sectional_Sofa_Set", 
  "price": "EUR 3216.35", 
  "reviews": [
    "We bought for our living room, they are very nice. Color in picture is spot on with a great linen texture. Looks amazing with my rustic industrial decor. Amazing steal on these sofas. So comfortable and so stunning! Way more expensive anywhere else!", 
    "This couch is fabulous.The tuffed look is so in right now. I placed the order and received it right away. I was thrilled to see it looks just like the picture. I highly recommend this product.", 
    "I've always been skeptical about ordering things via the internet...especially furniture that I couldn't see and touch in person. I finally decided to order this set for my new lake home and I couldn't be happier. It has the look and feel of subtle, yet super high end furniture...which is what I was going for. Very heavy and solid. Fabric is great and although light...still very durable. Very comfy. The set is true to color. Very very pleased.", 
    "This sofa is exactly as pictured and described - it is so beautiful and my guests can't stop complimenting it!", 
    "Had a little trouble putting it together, but has been working out great thus far. Quality is great for the price."
  ], 
  "link": "http://www.overstock.com/Home-Garden/Moser-Bay-Furniture-Roll-Arm-7-Seats-Sectional-Sofa-Set/10453958/product.html?recset=bdc1b34e-3576-43b7-8caf-735350088423&refccid=N3VXKS3SLBYKWDKDPP5ANVFMGQ&recalg=828,512&recidx=1", 
  "img_url": [
    "http://ak1.ostkcdn.com/images/products/10453958/Moser-Bay-Furniture-Roll-Arm-7-Seats-Sectional-Sofa-Set-99cc0649-2438-462e-9de7-9a687c3e872e_600.jpg"
  ], 
  "description": "With its high scroll arms and deeply tufted upholstery\nsurroundings, the Garcia Collection from Moser Bay is synonymous\nwith comfort. This sectional retains all the fine points of a cozy\nsofa, creating furniture that is perfect for relaxing. The\nexquisite linen has detailed texture to accentuate the natural\nvariations that are unique to each hide spot.High roll armsKiln-dried hardwood framePadded seat cushions are wrapped entirely and supported by\n  high-density foamSeat height: 17 inchesSeat depth: 24 inchesDeep from frontier of seat to back: 33 inchesCushion thickness: 7 inchesFoam density: 52 poundsBun feet is made by solid wood in espresso finishesSet includes: One (1) left-armed sofa, one (1) right-armed\n  sofa, one (1) corner and seven (7) cushionsDimensions: 29 inches high x 111 inches wide x 111 inches\n  longMaterials: Kiln-dried solid wood, plywood CARB, linen,\n  polyurethane foamEasy assembly structure, no tool or hardware necessaryThis item ships in six (6) boxes          Furniture Pattern: SolidProduct Features: Eco-FriendlyMaterial: Linen, Wood, FoamStyle: Transitional, CasualAssembly: Assembly RequiredExact Color: BeigeColor: BeigeStyleCasual, Contemporary, Country, Mission, Modern, Rustic, Southwestern, Traditional, Transitional, Urban, VintageMaterialBi-Cast Leather, Birch, Bonded Leather, Cherry, Cotton, Faux Suede, Foam, Leather, Linen, MDF, Mahogany, Maple, Memory Foam, Metal, Microfiber, Microsuede, Polyester, Polyurethane, Rubberwood, Suede, Synthetic Leather, WoodAssemblyAssembly RequiredColorBeigeFurniture PatternSolidProduct FeaturesEco-Friendly"
}