{
  "name": "Oh_Home_Chester_6-piece_Dining_Set", 
  "price": "EUR 1179.68", 
  "reviews": [
    "failed to get review"
  ], 
  "link": "http://www.overstock.com/Home-Garden/Oh-Home-Chester-6-piece-Dining-Set/7731095/product.html?recset=c2856f85-7942-4df6-ae34-ec9a736d3a00&refccid=MNWTIEZKDJXZPB2DZSDQIDGWTY&recalg=828,512&recidx=6", 
  "img_url": [
    "http://ak1.ostkcdn.com/images/products/7731095/Turino-Six-piece-Dining-Set-c511dc25-8766-4aa0-bca3-713190a4805a_600.jpg"
  ], 
  "description": "The Chester 6-piece dining set includes a table, four chairs and a bench. The large spacious tabletop offers ample food and elbow room and seating space for many. Thick, sturdy legs in an X-design complete the piece. The side chairs feature traditional straight lines and simplistic chair backs. A luxurious tan fabric covers a plush seat. Finished in a grey oak stain, this piece is sure to complement any homes decor.Set includes: One (1) table, four (4) chairs, one (1) benchTable: Beranar wood, MDF, veneerChairs: Beranar wood, polyurethane foamBench: Beranar wood, MDF, polyurethane foamFabric: 100-percent polyesterTable: 72 inches x 40 inches x 30 inchesChairs: 19 inches x 23 inches x 40 inches tallSeat height: 18 inchesBench: 48 inches x 15-3/4 inches x 19-7/8 inchesStyleTraditionalMaterialMDF, WoodAssemblyAssembly RequiredColorGreyFurniture Frame MaterialWoodFurniture PatternSolid"
}