{
  "name": "Otto_Brown_Leather_Air_Reclining_Sofa", 
  "price": "EUR 1092.69", 
  "reviews": [
    "failed to get review"
  ], 
  "link": "http://www.overstock.com/Home-Garden/Otto-Brown-Leather-Air-Reclining-Sofa/9407660/product.html?recset=87cd6aeb-8a9b-448e-9762-0e1dea025563&refccid=G5AL63YQOLUY632EARNQKTWWWU&recalg=828,512&recidx=18", 
  "img_url": [
    "http://ak1.ostkcdn.com/images/products/9407660/Otto-Reclining-Sofa-51de2a1d-1217-412d-8217-3c30aa71d0cf_600.jpg"
  ], 
  "description": "Chill Out. Upholstered in head-to-toe in Leather Air, the surface of the Otto dual reclining sofa features small imperceptible perforations that increase airflow between the seating surface, helping to regulate temperature for a cooler, more comfortable seat. Set Includes: One (1) SofaMaterials: Leather airFill Material: 1.8 density foam encased pocked coil unit wrapped in decron fiberFinish: BrownUpholstery Material: Leather AirUpholstery Color: BrownSeating Comfort: MediumInner Dimensions: 20.5 inches tall x 24.5 inches wide x 22.5 inches deepDimensions: 88 inches length x 41 inches width x 42 inches heightStyleContemporaryMaterialBonded LeatherTypeSofaAssemblyAssembly RequiredColorBrownFurniture PatternSolid"
}