{
  "name": "Portfolio_Kenyon_Valley_Cream_Wicker_9-piece_IndoorOutdoor_Living_Dining_Room_Set", 
  "price": "EUR 1027.28", 
  "reviews": [
    "i was shocked at the size of this furniture! the picture makes it look normal, i know i should have looked at the measurements but i didnt.... putting it together was difficult because its poorly made and for that price i would not suggest buying it!", 
    "Great looking after two or more years in the Arizona Sun.", 
    "Good furniture for the price. Not the highest quality but not bad", 
    "When we first received the product, it looked like the shipping company dropped the one box and damaged the table. I notified overstock and they shipped a replacement immediately. We were so please with how quickly they fixed the situation. Now that the warmer weather is here, we are excited to use the furniture by our pool.", 
    "it is okay. It was easy to put together."
  ], 
  "link": "http://www.overstock.com/Home-Garden/Portfolio-Kenyon-Valley-Cream-Wicker-9-piece-Indoor-Outdoor-Living-Dining-Room-Set/7923511/product.html?recset=35c3ddbe-de73-45e7-b73d-ebc66da6525a&refccid=I3XPDFMGTUEZVKSDF4WWHTB5XE&recalg=828,512&recidx=15", 
  "img_url": [
    "http://ak1.ostkcdn.com/images/products/7923511/Portfolio-Kenyon-Valley-Cream-Wicker-9-piece-Indoor-Outdoor-Living-Dining-Room-Set-e049f435-ece4-43af-9eca-762f9f3aef25_600.jpg"
  ], 
  "description": "Dress up your porch, patio or sunroom with this nine-piece living room and dining set. Weatherproof and durable, the set is constructed of resin wicker with a rust-resistant aluminum frame, making it ideal for use outside or in small living spaces. Eco-friendly and weather resistant cushions allow for hours of outdoor entertainment and relaxation.Designer Portfolio Collection offers unique styles to decorate your homeSuperior aluminum frame guards against rustSet of 9Eco-friendly and efficient product design uses less fossil fuel based components in construction and deliverySet includes: a loveseat, 2 chairs, cocktail table with side wicker panels and a glass top, 2 dining chairs, 2 ottomans and a dining tableColor: CreamMaterials: Aluminum, resin wicker, polyesterFinish: Dark brownCushions includedWeather-resistantDimensions: Loveseat: 30 inches high x 51 inches wide x 27 inches deepArm chair: 30 inches high x 28 inches wide x 27 inches deepCocktail table: 15 inches high x 34 inches wide x 20 inches deepDining chair: 31 inches high x 23 inches wide x 22 inches deepOttoman: 16 inches high x 20 inches wide x 20 inches deepDining table: 30 inches high x 51 inches wide x 22 inches deepStyleTransitionalMaterialAluminum, WickerAssemblyAssembly RequiredColorBrown, CreamProduct FeaturesCushion Included, Eco-Friendly"
}