{
  "name": "Ralston_Bonded_Leather_Reclining_Loveseat", 
  "price": "EUR 790.54", 
  "reviews": [
    "I have had my couches for a few weeks now and they are very nice. The only reason I didn't give them a 5 star rating is because the backs of the chair have to be assembled by sliding them into metal bars. My only worry is they don't line up evenly in the back of the couch which makes me worry on the longevity of the couch."
  ], 
  "link": "http://www.overstock.com/Home-Garden/Ralston-Bonded-Leather-Reclining-Loveseat/10116051/product.html?recset=53a1b3b2-1a9e-4db3-9a3c-7e0ab1346671&refccid=XNMMUAYQWWTJAWKNJGV5TZAL6I&recalg=828,512&recidx=11", 
  "img_url": [
    "http://ak1.ostkcdn.com/images/products/10116051/Ralston-Bonded-Leather-Reclining-Loveseat-4cd15be2-8fcf-4261-943b-89ae8d836b53_600.jpg"
  ], 
  "description": "Bring opulence and comfort to your living room with this loveseat from our Ralston Collection. With dual reclining ends on the loveseat this collection was made with your superb comfort in mind. Soft clean lines and edges add a stunning contemporary flair, offered in black or grey makes this loveseat perfect for your personal styling. Set includes: One (1) loveseatMaterials: Bonded Leather, woodUpholstery color: Black or greyUpholstery fill: Polyurethane foamDouble reclining loveseatTufted backArm height: 26 inchesSeat height: 20 inchesSeat depth: 20.5 inchesLoveseat dimensions: 59.5 inches wide x 39 inches high x 38 inches deepWidth between the two arms: 46 inchesThis product ships in one (1) boxFurniture Pattern: SolidType: Recliner, LoveseatStyle: ContemporaryMaterial: Bonded Leather, WoodAssembly: Assembly RequiredExact Color: Black, GreyColor: Black, GreyStyleContemporaryMaterialBonded Leather, WoodTypeLoveseat, ReclinerAssemblyAssembly RequiredColorBlack, GreyFurniture PatternSolid"
}