{
  "name": "Ralston_Bonded_Leather_Reclining_Sofa", 
  "price": "EUR 883.68", 
  "reviews": [
    "failed to get review"
  ], 
  "link": "http://www.overstock.com/Home-Garden/Ralston-Bonded-Leather-Reclining-Sofa/10127274/product.html?recset=743bc2fa-e6ae-486d-b599-2ab535e0e99c&refccid=P7M33XB2OZOZ2B2NC4XEI5PXNA&recalg=828,512&recidx=2", 
  "img_url": [
    "http://ak1.ostkcdn.com/images/products/10127274/Ralston-Bonded-Leather-Reclining-Sofa-7c95c6f3-70df-48d3-ba72-215b1da4fb88_600.jpg"
  ], 
  "description": "Bring opulence and comfort to your living room with this sofa from our Ralston Collection. With dual reclining ends on the sofa, this collection was made with your superb comfort in mind. Soft clean lines and edges add a stunning contemporary flair, offered in black or grey makes this sofa perfect for your personal styling. Set includes: One (1) sofaMaterials: Bonded Leather, woodUpholstery color: Black or greyUpholstery fill: Polyurethane foamDouble reclining sofaTufted backArm height: 26 inchesSeat height: 20 inchesSeat depth: 20.5 inchesSofa dimensions: 82.5 inches wide x 39 inches high x 38 inches deepWidth between the two arms (sofa): 67 inchesThis product ships in one (1) boxFurniture Pattern: SolidType: Recliner, SofaStyle: ContemporaryMaterial: Bonded Leather, WoodAssembly: Assembly RequiredExact Color: Black, GrayColor: Black, GreyStyleContemporaryMaterialBonded Leather, WoodTypeRecliner, SofaAssemblyAssembly RequiredColorBlack, GreyFurniture PatternSolid"
}