{
  "name": "Ready2HangArt_'Saddle_Ink_Elephant_VI'_Canvas_Wall_Art", 
  "price": "EUR 114.79", 
  "reviews": [
    "Colorful, vibrant and yet subtle...these canvases have stolen the show at our house.", 
    "Very striking wall art and looks great in my living room", 
    "I love this artist and its the second piece I've bought! My adult daughter loves elephants and this art goes perfect over her bed. Packing was very secure with no possibility of damage."
  ], 
  "link": "http://www.overstock.com/Home-Garden/Ready2HangArt-Saddle-Ink-Elephant-VI-Canvas-Wall-Art/10379486/product.html?recset=8983b5db-fe48-4156-a211-d668c0f22702&refccid=4RJ5JRWHDFRYDTCNRTIEX7GZOU&recalg=828,512&recidx=11", 
  "img_url": [
    "http://ak1.ostkcdn.com/images/products/10379486/Ready2HangArt-Saddle-Ink-Elephant-VI-Canvas-Wall-Art-99302a45-7aff-468c-986b-21f63f117751_600.jpg"
  ], 
  "description": "Saddle Ink Elephant VI' exposes the animated side of the elephant. Often associated with wisdom, and greatness, their energetic qualities are sometimes overlooked. Embrace your fun side with this symmetrical and vibrant canvas when you add it to your space. Hang in your room and treat your design to bit of colorful, fun, art. Title: Saddle Ink Elephant VIArtist/Brand: Ready2HangArtPanels Dimensions: 30 inches high x 30 inches wide (2 panels) Overall Dimensions: 30 inches high x 60 inches wide x 1.5 inches deep Model No. E6Ready2HangArt is a USA based vertical decorative art firm seeking to enhance people's surroundings with innovative designs, extraordinary quality, and unparalleled value. ' R2H makes #decoratingsimplified.Orientation: Horizontal, Landscape, Panel, SquareSubject: Abstract, Animals, Figurative, Motivational, SpiritualType: Canvas Art, Fine Art Giclee, Wrapped, PrintStyle: Abstract, Casual, Decorative, Contemporary, Horizontal, Matching Set, Modern, Patterned, Pop ArtArt Medium: CanvasSize: Extra Large, Large, OversizedStyleAbstract, Casual, Contemporary, Decorative, Horizontal, Matching Set, Modern, Patterned, Pop ArtTypeCanvas Art, Fine Art Giclee, Print, WrappedOrientationHorizontal, Landscape, Panel, SquareSubjectAbstract, Animals, Figurative, Motivational, Spiritual"
}