{
  "name": "RECLINING_-_LOVESEAT_BLACK_BONDED_LEATHER", 
  "price": "EUR 649.75", 
  "reviews": [
    "failed to get review"
  ], 
  "link": "http://www.overstock.com/Home-Garden/RECLINING-LOVESEAT-BLACK-BONDED-LEATHER/10878717/product.html?recset=c200eaa1-e79e-4e6a-ac1c-8d2dc97ba51f&refccid=ZGRDTE2RBUSJSNKJAFM5SBJW5U&recalg=828,512&recidx=8", 
  "img_url": [
    "http://ak1.ostkcdn.com/images/products/10878717/RECLINING-LOVESEAT-BLACK-BONDED-LEATHER-83f38009-dd9d-4f9c-bc39-0bea05ebbb6c_600.jpg"
  ], 
  "description": "Upholstered in black bonded leather with generously padded head and arm rests, lumbar support and reclining mechanism, this loveseat will be the perfect addition to any entertainment area. The stich detailing and pillow top arms give this set a comfortable yet modern look that is sure to enhance your living space. Ideal for movie night, reading a book or just to kick back and relax after a long day\u2019s work, this modular motion series was designed for ultimate comfort. Finish the look with the matching swivel glider recliner to complete the set!\rFurniture Pattern: SolidType: Loveseat, ReclinerMaterial: Bonded Leather, Foam, WoodStyle: Contemporary, Casual, TransitionalAssembly: Assembly RequiredExact Color: BlackColor: BlackStyleCasual, Contemporary, TransitionalMaterialBonded Leather, Foam, WoodTypeLoveseat, ReclinerAssemblyAssembly RequiredColorBlackFurniture PatternSolid"
}