{
  "name": "Reclining-Loveseat_Ivory_Bonded_Leather", 
  "price": "EUR 680.62", 
  "reviews": [
    "Love it! Perfect for my space, compfortable & easy"
  ], 
  "link": "http://www.overstock.com/Home-Garden/Reclining-Loveseat-Ivory-Bonded-Leather/10898174/product.html?recset=b3b29cc3-6ed2-44df-a509-5c306f7e6e34&refccid=XQJ2Z3HBB3QY4ICIOF5PVIDBA4&recalg=828,512&recidx=9", 
  "img_url": [
    "http://ak1.ostkcdn.com/images/products/10898174/Reclining-Loveseat-Ivory-Bonded-Leather-fba8bcd1-93d6-4b34-86c3-51a1176c3fce_600.jpg"
  ], 
  "description": "The left and right facing reclining seats join together instantly creates a love seat. Upholstered in ivory bonded leather with generously padded head and arm rests, lumbar support and reclining mechanism, this love seat will be the perfect addition to any entertainment area. The stitch detailing and pillow top arms give this set a comfortable yet modern look that is sure to enhance your living space. Ideal for movie night, reading a book or just to kick back and relax after a long day\u2019s work, this modular motion series was designed for ultimate comfort. The left and right side is fitted together to form a love seat. Finish the look with the matching swivel glider recliner and sofa to complete the set!\nFurniture Pattern: SolidType: Loveseat, ReclinerMaterial: Bonded Leather, Foam, WoodStyle: Contemporary, Casual, TransitionalAssembly: Assembly RequiredExact Color: IvoryColor: Off-WhiteDimensions:\u00a041 inches H x 50 inches W x 35 inches DStyleCasual, Contemporary, TransitionalMaterialBonded Leather, Foam, WoodTypeLoveseat, ReclinerAssemblyAssembly RequiredColorOff-WhiteFurniture PatternSolid"
}