{
  "name": "Reclining-Loveseat_Charcoal_Grey_Bonded_Leather", 
  "price": "EUR 638.92", 
  "reviews": [
    "failed to get review"
  ], 
  "link": "http://www.overstock.com/Home-Garden/Reclining-Loveseat-Charcoal-Grey-Bonded-Leather/10898026/product.html?recset=53a1b3b2-1a9e-4db3-9a3c-7e0ab1346671&refccid=XNMMUAYQWWTJAWKNJGV5TZAL6I&recalg=828,512&recidx=1", 
  "img_url": [
    "http://ak1.ostkcdn.com/images/products/10898026/Reclining-Loveseat-Charcoal-Grey-Bonded-Leather-48e8f2bb-b83c-4127-87ae-36aa869ae22f_600.jpg"
  ], 
  "description": "The left and right facing reclining seats joined together instantly creates a love seat. Upholstered in stylish grey bonded leather with a comfortably padded head rest, excellent lumbar support and a reclining mechanism, this set will be the perfect addition to any entertainment area. A plush seat back and sleek track arms give this set a chic modern look that is sure to enhance your living space. Ideal for movie night, reading a book or just to kick back and relax after a long day\u2019s work, this modular motion series was designed for ultimate comfort. Finish the look with the matching swivel glider recliner to complete the set.Furniture Pattern: SolidType: Loveseat, ReclinerMaterial: Bonded Leather, Foam, WoodStyle: Contemporary, Casual, TransitionalAssembly: Assembly RequiredExact Color: CharcoalColor: GreyDimensions:\u00a041 inches H x 52 inches W x 35 inches DStyleCasual, Contemporary, TransitionalMaterialBonded Leather, Foam, WoodTypeLoveseat, ReclinerAssemblyAssembly RequiredColorGreyFurniture PatternSolid"
}