{
  "name": "Reclining-Sofa_Ivory_Bonded_Leather", 
  "price": "EUR 942.16", 
  "reviews": [
    "failed to get review"
  ], 
  "link": "http://www.overstock.com/Home-Garden/Reclining-Sofa-Ivory-Bonded-Leather/10898040/product.html?recset=b3b29cc3-6ed2-44df-a509-5c306f7e6e34&refccid=XQJ2Z3HBB3QY4ICIOF5PVIDBA4&recalg=828,512&recidx=2", 
  "img_url": [
    "http://ak1.ostkcdn.com/images/products/10898040/Reclining-Sofa-Ivory-Bonded-Leather-d75f108a-7161-4ed6-aeb9-1f4dbe2aa354_600.jpg"
  ], 
  "description": "The left and right reclining chairs joined together with a middle armless chair creates a three-seater sofa. Upholstered in stylish ivory bonded leather with a comfortably padded head rest, excellent lumbar support and a reclining mechanism, this set will be the perfect addition to any entertainment area. A plush seat back and sleek track arms give this set a chic modern look that is sure to enhance your living space. Ideal for movie night, reading a book or just to kick back and relax after a long day\u2019s work, this modular motion series was designed for ultimate comfort. Finish the look with the matching swivel glider recliner to complete the set.Furniture Pattern: SolidType: Sofa, ReclinerMaterial: Bonded Leather, Foam, WoodStyle: Contemporary, Casual, TransitionalAssembly: Assembly RequiredExact Color: IvoryColor: WhiteDimensions:\u00a041 inches H x 74 inches W x 35 inches DStyleCasual, Contemporary, TransitionalMaterialBonded Leather, Foam, WoodTypeRecliner, SofaAssemblyAssembly RequiredColorWhiteFurniture PatternSolid"
}