{
  "name": "Safavieh_Hamilton_Beige_Recliner_Chair", 
  "price": "EUR 469.99", 
  "reviews": [
    "This chair has virtually no padding and reclines at an awkward and uncomfortable angle. I strongly recommend you do not purchase this product"
  ], 
  "link": "http://www.overstock.com/Home-Garden/Safavieh-Hamilton-Beige-Recliner-Chair/11417019/product.html?recset=00b735cc-1845-4fdf-9770-79542b475b3a&refccid=6CGA4KXSCKBK2L2NTHFRVNBOHU&recalg=828,512&recidx=11", 
  "img_url": [
    "http://ak1.ostkcdn.com/images/products/11417019/Safavieh-Hamilton-Beige-Recliner-Chair-f41bfce4-6632-4171-b489-094901bbdeb0_600.jpg"
  ], 
  "description": "The modern magic of this contemporary recliner chair begins with its polished style. Sophisticated curves and plush beige upholstery create its luxurious aesthetic, but top designers love the truly indulgent experience of it\u2019s recline.\rFurniture Pattern: SolidChair Type: ReclinersMaterial: Wood, LinenStyle: ContemporaryAssembly: Assembly RequiredColor: BeigeStyleContemporaryMaterialLinen, WoodChair TypeReclinersAssemblyAssembly RequiredColorBeigeFurniture PatternSolid"
}