{
  "name": "Safavieh_Carson_Grey_Wash_Acacia_Wood_4-piece_Outdoor_Furniture_Set", 
  "price": "EUR 427.85", 
  "reviews": [
    "Looks nice for money. Off white cushions come with, and excellent value for the price of a similar style of a higher end product at four times the cost!", 
    "awesome set, fun and cool", 
    "This set is lovely and good quality craftsmanship. It is low seating, which might encumber some, but the seat pad raises it a bit to a relatively comfortable height.", 
    "This outdoor patio set has quality and style. Really like the color. Would have preferred a choice of color on cushions (off white shows dirt easy, but they do look nice.", 
    "Patio set is very nice and looks great in our patio.Assembling was complicated, there were extra pieces (screws) that made us think we had done something wrong, and one of the parts was defective as it didn't have the required pre-hole for assembly. We sorted it out, but was way more complex than expected.", 
    "So excited to find this set. Added yellow and grey comfy cushions to make it more comfortable.", 
    "The look of this set is great. I ordered pillows. So, it is pretty comfortable to sit. Note that this set cannot be left out in the rain/snow/etc. That is a bit of a pain. Still, I really like the look and we have just ordered furniture covers to deal with the exposure to the elements. So, hopefully, it will take care of the exposure problem. It's a great set for the price.", 
    "Great set for the price. Fits nicely in outdoor room. Gray wood with cream cushions.Added my own pillows to add color. Would recommend.", 
    "For the money, a great buy. The assembly for the love seat was a bit problematic and doesn't feel as sturdy as the chairs. Nice weight and feel. I wish the backs to chairs and love seat were a bit higher."
  ], 
  "link": "http://www.overstock.com/Home-Garden/Safavieh-Carson-Grey-Wash-Acacia-Wood-4-piece-Outdoor-Furniture-Set/9003741/product.html?recset=35c3ddbe-de73-45e7-b73d-ebc66da6525a&refccid=I3XPDFMGTUEZVKSDF4WWHTB5XE&recalg=828,512&recidx=14", 
  "img_url": [
    "http://ak1.ostkcdn.com/images/products/9003741/Safavieh-Carson-Grey-Wash-Acacia-Wood-4-piece-Outdoor-Furniture-Set-b1cc143e-2416-41c3-bb8e-9613b640c33a_600.jpg"
  ], 
  "description": "Create a gorgeous outdoor seating area with the Safavieh Carson\noutdoor furniture set. With two arm chairs, one love seat and one\ncoffee table, this wood outdoor furniture set is ideal for\nentertaining guests outdoors. Built-in UV protection and\nwater-resistant construction help the set maintain its good looks\nover time. Color: GreyIncludes: Two (2) arm chairs, one (1) love seat, one (1)\n  coffee tableMaterials: Acacia wood, polyester fabric and ca foamFinish: GreySeat dimensions: Arm Chair: 18.5 inches width , Bench: 45.6\n  inches width; Arm Chair: 19.8 inches depth , Bench: 19.8 inches\n  depthSeat height: Arm Chair: 13.9 inches, Bench: 18.9 inchesCushions includedWeather resistantUV protectionRemovable cushionsDimensions: Chair dimensions: 30.3 inches high x 24 inches\n  wide x 23.6 inches deepLove seat dimensions: 30.3 inches high x 50.4 inches wide x\n  23.6 inches deepTable dimensions: 15.7 inches high x 19.7 inches wide x 31.5\n  inches deepWeight: 81-poundsWeight capacity: 250 poundsThis product will ship to you in 1 box.StyleContemporaryMaterialAcaciaChair TypeSetsAssemblyAssembly RequiredChair Back HeightLow BackProduct FeaturesCushion Included"
}