{
  "name": "Safavieh_Hamilton_Dark_Taupe_Recliner_Chair", 
  "price": "EUR 357.35", 
  "reviews": [
    "failed to get review"
  ], 
  "link": "http://www.overstock.com/Home-Garden/Safavieh-Hamilton-Dark-Taupe-Recliner-Chair/11417020/product.html?recset=00b735cc-1845-4fdf-9770-79542b475b3a&refccid=6CGA4KXSCKBK2L2NTHFRVNBOHU&recalg=828,512&recidx=15", 
  "img_url": [
    "http://ak1.ostkcdn.com/images/products/11417020/Safavieh-Hamilton-Dark-Taupe-Recliner-Chair-7f5543fc-a122-463f-8a56-863046192448_600.jpg"
  ], 
  "description": "The modern magic of this contemporary recliner chair begins with its polished style. Sophisticated curves and plush dark taupe upholstery create its luxurious aesthetic, but top designers love the truly indulgent experience of it\u2019s recline.\rFurniture Pattern: SolidChair Type: ReclinersMaterial: Wood, LinenStyle: ContemporaryAssembly: Assembly RequiredColor: BrownStyleContemporaryMaterialLinen, WoodChair TypeReclinersAssemblyAssembly RequiredColorBrownFurniture PatternSolid"
}