{
  "name": "Sawyer_Sofa", 
  "price": "EUR 824.11", 
  "reviews": [
    "Love my sofa, good fit for my family room"
  ], 
  "link": "http://www.overstock.com/Home-Garden/Sawyer-Sofa/10845008/product.html?recset=fc7e2d60-b64a-493a-ae20-e34d7ecb30b0&refccid=2DBX6KFZ4XT3Z6KIKODTFIOP4I&recalg=828,512&recidx=8", 
  "img_url": [
    "http://ak1.ostkcdn.com/images/products/10845008/Sawyer-Sofa-bf6e67d1-8a02-41fc-a654-cc27c766e694_600.jpg"
  ], 
  "description": "Sawyer is an elegant, classic piece that works with most d\u00e9cor styles. Gently curved armrests and supple, cozy cushions help redefine creature comfort. Upholstered in beige leather gel, it is easy to maintain and easy on the eyes. The Sawyer sofa is perfect on its own, or can be part of a complete collection that everyone can enjoy.\u00a0Set Includes: One (1) sofaFrame Material: MetalFinish: BlackUpholstery Material: Leather MatchUpholstery Color: BrownSeat Dimensions: 20.66 inches wide x 20 inches deepSofa Dimensions: 80 inches long x 37 inches deep x 40 inches highType: SofaMaterial: Leather Gel, metalStyle: ContemporaryAssembly RequiredColor: Brown \n              StyleContemporaryMaterialLeather, MetalTypeSofaAssemblyAssembly RequiredColorBeige, BrownFurniture PatternSolid"
}