{
  "name": "Sensation_Dual_Reclining_Sofa,_Camel_Tan", 
  "price": "EUR 864.19", 
  "reviews": [
    "failed to get review"
  ], 
  "link": "http://www.overstock.com/Home-Garden/Sensation-Dual-Reclining-Sofa-Camel-Tan/10438350/product.html?recset=fc7e2d60-b64a-493a-ae20-e34d7ecb30b0&refccid=2DBX6KFZ4XT3Z6KIKODTFIOP4I&recalg=828,512&recidx=10", 
  "img_url": [
    "http://ak1.ostkcdn.com/images/products/10438350/Sensation-Dual-Reclining-Sofa-Camel-Tan-7d287e20-ea9d-4baf-bddb-2cd988b7c285_600.jpg"
  ], 
  "description": "Relax in this comfortable reclining sofa in tan upholstery. Crafted of durable materials, this sofa offers comfort for years to come. This dual reclining sofa offers pillow top arms, plush seat and back cushions and a comfortable footrest for immense comfort and relaxation.Built to last on hardwood frame and steel rocker base, sinuous springs are engineered to provide lasting comfort and strengthHigh resilience seat foam for superior durability and comfort, all joints pinned and glued for uniformity and strengthFully assembled for your convenienceSet includes: One (1) microfiber dual reclining sofaMaterials: Microfiber/ foam/ steel/ wood Dimensions: 39 inches high x 93 inches wide x 41 inches deepStyleCasual, TraditionalMaterialMicrofiberTypeRecliner, SofaAssemblyAssembledColorTanFurniture PatternSolid"
}