{
  "name": "Shermag_Bonded_Leather_Occasional_Armchair", 
  "price": "EUR 487.31", 
  "reviews": [
    "Nice chair. A bit hard but comfortable for my nap. Easy to put together."
  ], 
  "link": "http://www.overstock.com/Home-Garden/Shermag-Bonded-Leather-Occasional-Armchair/10516255/product.html?recset=c200eaa1-e79e-4e6a-ac1c-8d2dc97ba51f&refccid=ZGRDTE2RBUSJSNKJAFM5SBJW5U&recalg=828,512&recidx=19", 
  "img_url": [
    "http://ak1.ostkcdn.com/images/products/10516255/Shermag-Bonded-Leather-Occasional-Armchair-30475ef2-ac2f-4c63-b78c-ccaf34ecb1eb_600.jpg"
  ], 
  "description": "Get cozy in your home with this Shermag leather occasional armchair. Upholstered with black leather, this ultra-soft chair is perfect for any room where you want to sit and relax. The comfortable, contemporary designed seating is perfect for any family room as it creates a comfortable and welcoming atmosphere for family and friends. The comfortable bustle back design with rounded, tight, padded arms gives this motion chair an inviting look to accent your room. The extra padded seat and back give optimal comfort, and the side lever allows the chair to recline to any position. This chair also has an ultra-smooth swivel base, so that you can be part of any conversation, anywhere in the room.\rChair Type: ReclinersMaterial: Bonded Leather, WoodStyle: Contemporary, TransitionalAssembly: Assembly RequiredColor: Black, Grey, Beige, BrownStyleContemporary, TransitionalMaterialBonded Leather, WoodChair TypeReclinersAssemblyAssembly RequiredColorBeige, Black, Brown, Grey"
}