{
  "name": "Simmons_Upholstery_Seguin_Pewter_Queen_Sleeper_Sofa", 
  "price": "EUR 1353.68", 
  "reviews": [
    "failed to get review"
  ], 
  "link": "http://www.overstock.com/Home-Garden/Simmons-Upholstery-Seguin-Pewter-Queen-Sleeper-Sofa/11405826/product.html?recset=176ff9cc-4273-428d-ba58-f09b46f08f2c&refccid=FV2KZTXVWTMJ7JSEPQXNRHBHB4&recalg=828,512&recidx=2", 
  "img_url": [
    "http://ak1.ostkcdn.com/images/products/11405826/Simmons-Upholstery-Seguin-Pewter-Queen-Sleeper-Sofa-034b573b-1504-4653-86df-e5954fe9493c_600.jpg"
  ], 
  "description": "Decorate yor home with this lovely Upholstery Seguin Pewter Queen Sleeper Sofa. It features a transitional track arm, non-reversible seat cushions, and accented with two (2) 22-inch toss pillows with a decorative design.\u00a0StyleCasual, Contemporary, TraditionalMaterialFabric, Foam, WoodTypeSleeper SofaAssemblyAssembledColorBeigeFurniture PatternSolid"
}