{
  "name": "Simmons_Upholstery_Tokyo_Pebble_Sofa", 
  "price": "EUR 895.05", 
  "reviews": [
    "failed to get review"
  ], 
  "link": "http://www.overstock.com/Home-Garden/Simmons-Upholstery-Tokyo-Pebble-Sofa/11413142/product.html?recset=771019d1-290e-4320-ba74-78a99f46e503&refccid=5EISR23FYZ7YMF2ERU7KYFL3VI&recalg=828,512&recidx=15", 
  "img_url": [
    "http://ak1.ostkcdn.com/images/products/11413142/Simmons-Upholstery-Tokyo-Pebble-Sofa-84ab0a55-9527-4b29-ad2a-e0009f19b43b_600.jpg"
  ], 
  "description": "Upgrade your living decor with the addition of this grey Simmons upholstery large scale three over two sofa with pleated roll arm and deep seating. Sofa is covered in a polyester cover and accented by 4 toss pillows. Features: Hardwood frame, sinuous wire springs and high-density foam seat cushions for comfortable seating. Furniture Pattern: SolidType: SofaStyle: Contemporary, Traditional, CasualMaterial: Fabric, Wood, FoamAssembly: AssembledColor: GreyOverall Dimensions:  93 inches long x 43 inches wide x 40 inches high StyleCasual, Contemporary, TraditionalMaterialFabric, Foam, WoodTypeSofaAssemblyAssembledColorGreyFurniture PatternSolid"
}