{
  "name": "Simmons_Upholstery_Miramar_Ash_Sofa", 
  "price": "EUR 779.71", 
  "reviews": [
    "failed to get review"
  ], 
  "link": "http://www.overstock.com/Home-Garden/Simmons-Upholstery-Miramar-Ash-Sofa/11412953/product.html?recset=a21eb2a1-0ebf-4389-a388-f46c0b1ba504&refccid=EDATN7FJZ3IJWF2GLZ3BSIGFJA&recalg=828,512&recidx=19", 
  "img_url": [
    "http://ak1.ostkcdn.com/images/products/11412953/Simmons-Upholstery-Miramar-Ash-Sofa-be0c101e-6eba-4343-b9d6-7a60bbcf44a8_600.jpg"
  ], 
  "description": "Upgrade your living decor with the addition of this grey Simmons upholstery sofa featuring a transional track arm, non-reversible seat cushions, and accented with two 22-inch  toss pillows with a decorative design. Features: Hardwood frame, sinuous wire springs and high-density foam seat cushions for comfortable seating. Furniture Pattern: SolidType: SofaStyle: Contemporary, Traditional, CasualMaterial: Fabric, Wood, FoamAssembly: AssembledColor: GreyOverall Dimensions:  85 inches long x 39 inches wide x 39 inches high StyleCasual, Contemporary, TraditionalMaterialFabric, Foam, WoodTypeSofaAssemblyAssembledColorGreyFurniture PatternSolid"
}