{
  "name": "Somette_Beli_Mont_Honey_Oak_Full-Size_Futon_Set_with_Suede_Mattress_and_Storage_Drawers", 
  "price": "EUR 671.42", 
  "reviews": [
    "failed to get review"
  ], 
  "link": "http://www.overstock.com/Home-Garden/Somette-Beli-Mont-Honey-Oak-Full-Size-Futon-Set-with-Suede-Mattress-and-Storage-Drawers/10612555/product.html?recset=176ff9cc-4273-428d-ba58-f09b46f08f2c&refccid=FV2KZTXVWTMJ7JSEPQXNRHBHB4&recalg=828,512&recidx=4", 
  "img_url": [
    "http://ak1.ostkcdn.com/images/products/10612555/Somette-Beli-Mont-Honey-Oak-Full-Size-Futon-Set-with-Suede-Mattress-and-Storage-Drawers-957d77fe-c13b-444e-88c7-5263f7478eff_600.jpg"
  ], 
  "description": "The futon comes with a classic hardwood frame and mission-style arms. The frame has two pull-out drawers below for extra storage.\u00a0This multi-functional piece of furniture can find a home in just about any type of room.\nSolid hardwood constructionConverts to standard full size bedNo tools needed for easy assemblySofa height seatingPlantation grown hardwoodSit, lounge, and sleep positionFrame Color: Honey OakFabric Content: 100-percent PolyesterMattress Specifications: 294 coil hinged spring, cotton, high density foam, hand-tuftedMattress Dimensions: 8 inches high x 54 inches wide x 75 inches longFrame Dimensions: 33 inches high x 37 inches deep x 79 inches longSeat Height: 22 inchesSeat Depth: 21 inchesSeat Width: 74 inchesMaximum Distributed Weight: 500 poundsMattress Made in the USA, Frame Made in IndonesiaStyleTraditionalMaterialFabric, WoodTypeFuton Set, Sleeper SofaThickness8 InchAssemblyAssembly RequiredColorGreen, Red, TanFurniture PatternSolid"
}