{
  "name": "Stamford_Recliner_Sofa_and_Love_Seat", 
  "price": "EUR 1851.83", 
  "reviews": [
    "failed to get review"
  ], 
  "link": "http://www.overstock.com/Home-Garden/Stamford-Recliner-Sofa-and-Love-Seat/10528864/product.html?recset=87cd6aeb-8a9b-448e-9762-0e1dea025563&refccid=G5AL63YQOLUY632EARNQKTWWWU&recalg=828,512&recidx=3", 
  "img_url": [
    "http://ak1.ostkcdn.com/images/products/10528864/Stamford-Recliner-Sofa-and-Love-Seat-fa152770-85c1-4c17-a6fe-52b6c6a80c71_600.jpg"
  ], 
  "description": "The Stamford recliner sofa and love seat is made with high-density foam and soft leather to release stress from your body. In a classic brown color, this furniture adds effortless style to any room in your home.Set includes: Recliner sofa and love seatMaterials: Soft leather, high density foam with PU matchFinish: Leather brown colorSeat dimensions: 17.5 inchesDimensions: 39.88 inches high x 83.85 inches wide x 38.97 inches deep for 3 seater, 39.88 inches high x 83.85 inches wide x 38.97 inches deep for love seatStyleCountry, Traditional, TransitionalMaterialBi-Cast Leather, Foam, Iron, Leather, VinylTypeLoveseat, Recliner, Sets, SofaAssemblyAssembly RequiredColorBrownFurniture PatternSolid"
}