{
  "name": "TRIBECCA_HOME_Griffin_Black_Bonded_Leather_Oversized_Double_Recliner_Loveseat", 
  "price": "EUR 702.83", 
  "reviews": [
    "no complaint. had it over a year. moderate comfort."
  ], 
  "link": "http://www.overstock.com/Home-Garden/TRIBECCA-HOME-Griffin-Black-Bonded-Leather-Oversized-Double-Recliner-Loveseat/7330226/product.html?recset=87cd6aeb-8a9b-448e-9762-0e1dea025563&refccid=G5AL63YQOLUY632EARNQKTWWWU&recalg=828,512&recidx=11", 
  "img_url": [
    "http://ak1.ostkcdn.com/images/products/7330226/Griffin-Black-Bonded-Leather-Oversized-Double-Recliner-Loveseat-c0c51c7b-a068-4541-9413-027a366c9571_600.jpg"
  ], 
  "description": "Add a chic contemporary style coupled with luxurious comfort to your home decor with this Griffin Black Bonded Leather Double Recliner Loveseat. This loveseat features a soft bonded leather construction with pillow top arms. With a frame made of pine and plywood, this sturdy reclining loveseat from Tribecca Home contains a comfortable polyurethane foam filling. The sofa's surface is especially sensitive to sunlight, and to avoid discoloration, it should not be placed in direct sunlight or closer than two feet from a heat source.Set includes: One (1) loveseat Materials: Ply and pinewood Upholstery materials: Bonded leather Upholstery color: Black Upholstery fill: Polyurethane foam Pillow top armsDouble reclining on loveseat Seat height: 18 inches Loveseat: 39.37 inches high x 67.71 inches wide x 38.58 inches deep StyleContemporaryMaterialBonded LeatherTypeReclinerFinishBlack, WoodChair TypeReclinersAssemblyAssembly RequiredColorBlackFurniture PatternSolid"
}