{
  "name": "TRIBECCA_HOME_Knightsbridge_Tufted_Scroll_Arm_Chesterfield_9-Seat_U-Shaped_Sectional", 
  "price": "EUR 3144.34", 
  "reviews": [
    "failed to get review"
  ], 
  "link": "http://www.overstock.com/Home-Garden/TRIBECCA-HOME-Knightsbridge-Tufted-Scroll-Arm-Chesterfield-9-Seat-U-Shaped-Sectional/11408731/product.html?recset=8a4f16c7-d0a9-4f63-ba5c-25772c372f06&refccid=T4YLSYN7CJA2Q3COPNYGPCGUUM&recalg=828,512&recidx=16", 
  "img_url": [
    "http://ak1.ostkcdn.com/images/products/11408731/TRIBECCA-HOME-Knightsbridge-Tufted-Scroll-Arm-Chesterfield-9-Seat-U-Shaped-Sectional-212e14a3-ded4-4324-ad0f-9cbb6b11aa61_600.jpg"
  ], 
  "description": "Bring comfort and style to your living area with this sectional sofa. This piece is designed in an U-shape which will provide enough seating for all your family members and is covered in a tufted, plush upholstery.  This essential living room piece is sure to compliment any room style.\u00a0StyleCasual, Contemporary, Modern, Transitional, VintageMaterialBonded Leather, Linen, Rubberwood, WoodAssemblyAssembly RequiredColorBeige, Brown, GreyFurniture PatternSolid"
}