{
  "name": "Troy_Recliner_Sofa", 
  "price": "EUR 920.50", 
  "reviews": [
    "Bought this for TV room application and it is very comfortable. Guys delivered it and had it assembled in 15 minutes.", 
    "comfortable, well made and highly functional"
  ], 
  "link": "http://www.overstock.com/Home-Garden/Troy-Recliner-Sofa/8480985/product.html?recset=87cd6aeb-8a9b-448e-9762-0e1dea025563&refccid=G5AL63YQOLUY632EARNQKTWWWU&recalg=828,512&recidx=1", 
  "img_url": [
    "http://ak1.ostkcdn.com/images/products/8480985/Troy-Recliner-Sofa-95bf104f-c6ec-4136-90fb-b4d413dbc5c9_600.jpg"
  ], 
  "description": "Relax and enjoy the big game or your favorite movie with friends and family in this comfortable bonded leather sofa. This recliner sofa is an excellent way to relax for years to come. \r\nProduct Includes: One (1) sofaMaterials: Bonded leather, plywood, larch, foam, fiber, spring coilsFill Material: foam, fiber, spring coilsUpholstery Material: Bonded leatherUpholstery Color: BrownSeating Comfort: MediumInner Dimensions: 41 inches high x 83 inches wide x 38 inches deepDimensions: Sofa: 83 inches long x 38 inches deep x 41 inches highAssembly Required: YesStyleContemporaryMaterialFoam, Leather, WoodTypeSets, SofaAssemblyAssembly RequiredColorBrownFurniture PatternSolid"
}