{
  "name": "Victorville_Camel_Foldable_Futon_Sofa_Bed", 
  "price": "EUR 331.38", 
  "reviews": [
    "failed to get review"
  ], 
  "link": "http://www.overstock.com/Home-Garden/Victorville-Camel-Foldable-Futon-Sofa-Bed/10123348/product.html?recset=3a8dc1d0-5cf0-4015-a40a-89ef781b529c&refccid=L4WI6X35PM63R2SC3WMGO4Y5JU&recalg=828,512&recidx=5", 
  "img_url": [
    "http://ak1.ostkcdn.com/images/products/10123348/Victorville-Camel-Foldable-Futon-Sofa-Bed-d8241b4a-5ed1-4892-a4ce-e0c29dc844ed_600.jpg"
  ], 
  "description": "This versatile furniture functions as a bed, a sofa and can fold into half of its original size for easy transportation. The rich camel color completes the look.Materials: Solid woodUpholstery materials: Premium PU LeatherUpholstery color: CamelLegs: Chrome SteelFolds into a square ottoman that's half the size for easy transportationSplit seat back for flexibilityAbility to fold into half of its original sofa size means easy moving, storage and transportationConverts from sofa to bed in secondsSofa dimensions (approx.): 30.31 inches high x 69.88 inches wide x 36.22 inches deepBed dimensions (approx.): 14.57 inches high x 69.88 inches wide x 43.31 inches deepStyleContemporary, Modern, TransitionalMaterialWoodTypeSofaAssemblyAssembly RequiredColorTanFurniture PatternSolid"
}