{
  "name": "White_Reclining_Loveseat", 
  "price": "EUR 781.88", 
  "reviews": [
    "failed to get review"
  ], 
  "link": "http://www.overstock.com/Home-Garden/White-Reclining-Loveseat/11441445/product.html?recset=45e7dfea-2953-4f26-a4cd-b3c0ea8b6412&refccid=HZHTRHS7YYZK2X2E6DMFTUXJOE&recalg=828,512&recidx=8", 
  "img_url": [
    "http://ak1.ostkcdn.com/images/products/11441445/RECLINING-LOVESEAT-WHITE-70c45c47-eaad-45d9-acf8-750f77adb287_600.jpg"
  ], 
  "description": "This plush, elegant, eye-catching recliner loveseat allows you to sink in\n  to comfort after a long, tiring day. This recliner loveseat has a brilliant\n  and inviting pure white tone, making it a perfect fit for virtually any room\n  decor/ color scheme. Additional accents include deeply padded armrests along\n  with waterfall-style seatbacks and seat cushions for a distinctive look and\n  appeal. Quality craftsmanship in every detail ensures comfort and durability.\n  Modern, dramatic and inviting, this striking recliner loveseat is a stunning\n  showcase for any room in your home.\n    Furniture Pattern: SolidType: Loveseat, ReclinerStyle: ContemporaryMaterial: PolyurethaneColor: WhiteAssembledDimensions:\u00a064 inches long x 38 inches wide x 39 inches highStyleContemporaryMaterialPolyurethaneTypeLoveseat, ReclinerAssemblyAssembledColorWhiteFurniture PatternSolid"
}