{
  "name": "White_Bonded_Leather__Match_Chair", 
  "price": "EUR 613.48", 
  "reviews": [
    "failed to get review"
  ], 
  "link": "http://www.overstock.com/Home-Garden/White-Bonded-Leather-Match-Chair/9785290/product.html?recset=b3b29cc3-6ed2-44df-a509-5c306f7e6e34&refccid=XQJ2Z3HBB3QY4ICIOF5PVIDBA4&recalg=828,512&recidx=17", 
  "img_url": [
    "http://ak1.ostkcdn.com/images/products/9785290/WHITE-BONDED-LEATHER-MATCH-CHAIR-f6b2d9d0-dade-4331-8bd4-b9108d1686b9_600.jpg"
  ], 
  "description": "Featuring rounded armrests with a matching contour design, this angled back chair provides maximum comfort for a relaxing night in without sacrificing style. Plush cushions, cylindrical chrome metal feet and sloped arms complete this piece making it a must-have for any living space.\r\nSet includes: One (1) chairMaterials: Bonded leather, chrome metalUpholstery color: WhiteDimensions: 36 inches high x 35 inches wide x 39 inches longStyleContemporaryMaterialBonded LeatherChair TypeArm ChairsAssemblyAssembly RequiredChair Back HeightStandardColorWhiteFurniture PatternSolid"
}