{
  "name": "White_Bonded_Leather_Reclining_Loveseat", 
  "price": "EUR 621.59", 
  "reviews": [
    "failed to get review"
  ], 
  "link": "http://www.overstock.com/Home-Garden/White-Bonded-Leather-Reclining-Loveseat/10898016/product.html?recset=b3b29cc3-6ed2-44df-a509-5c306f7e6e34&refccid=XQJ2Z3HBB3QY4ICIOF5PVIDBA4&recalg=828,512&recidx=0", 
  "img_url": [
    "http://ak1.ostkcdn.com/images/products/10898016/Reclining-Loveseat-White-Bonded-Leather-215ed921-47ef-438c-a521-5d2873627aec_600.jpg"
  ], 
  "description": "The left and right facing reclining seats joined together instantly creates a love seat. Upholstered in white bonded leather with padded head and arm rests, lumbar support and reclining mechanism, this will be the perfect addition to any space. The tufted detailing and sleek track arms give this set a chic modern look that is sure to enhance your living space. Ideal for movie night, reading a book or just to kick back and relax after a long day\u2019s work, this modular motion series was designed for ultimate comfort.Includes: One (1) loveseatFurniture Pattern: SolidType: Loveseat, ReclinerMaterial: Bonded Leather, Foam, WoodStyle: Transitional, Contemporary, CasualAssembly: Assembly RequiredColor: WhiteDimensions:\u00a041 inches high x 52 inches wide x 35 inches deepStyleCasual, Contemporary, TransitionalMaterialBonded Leather, Foam, WoodTypeLoveseat, ReclinerAssemblyAssembly RequiredColorWhiteFurniture PatternSolid"
}