{
  "name": "White_Reclining_Sofa", 
  "price": "EUR 918.33", 
  "reviews": [
    "failed to get review"
  ], 
  "link": "http://www.overstock.com/Home-Garden/White-Reclining-Sofa/11441444/product.html?recset=743bc2fa-e6ae-486d-b599-2ab535e0e99c&refccid=P7M33XB2OZOZ2B2NC4XEI5PXNA&recalg=828,512&recidx=8", 
  "img_url": [
    "http://ak1.ostkcdn.com/images/products/11441444/RECLINING-SOFA-WHITE-5f3ec8ba-4a47-4a57-b877-9aa191501d83_600.jpg"
  ], 
  "description": "Elegant and luxurious, this plush and eye-catching recliner sofa allows you to sink in to\n  comfort after a long, tiring day. This recliner sofa has an attractive and\n  chic gloss black tone, making it a perfect fit for virtually any room\n  decor/ color scheme. Additional accents include deeply padded armrests along\n  with waterfall-style seatbacks and seat cushions for a distinctive look and\n  appeal. Quality craftsmanship in every detail ensures comfort and durability.\n  Modern, dramatic and inviting, this striking recliner sofa is a stunning\n  showcase for any room in your home.\n    Furniture Pattern: SolidType: Sofa, ReclinerStyle: ContemporaryMaterial: PolyurethaneAssembledColor: WhiteDimensions:\u00a087 inches long x 38 inches wide x 39 inches highStyleContemporaryMaterialPolyurethaneTypeRecliner, SofaAssemblyAssembledColorWhiteFurniture PatternSolid"
}