{
  "name": "White_Bonded_Leather_Reclining_Sofa", 
  "price": "EUR 909.66", 
  "reviews": [
    "failed to get review"
  ], 
  "link": "http://www.overstock.com/Home-Garden/White-Bonded-Leather-Reclining-Sofa/10898027/product.html?recset=743bc2fa-e6ae-486d-b599-2ab535e0e99c&refccid=P7M33XB2OZOZ2B2NC4XEI5PXNA&recalg=828,512&recidx=3", 
  "img_url": [
    "http://ak1.ostkcdn.com/images/products/10898027/Reclining-Sofa-White-Bonded-Leather-c5a0c628-1e6e-44df-a80a-7102c6bb83a4_600.jpg"
  ], 
  "description": "Upholstered in brilliant white bonded leather with padded head and arm rests, lumbar support and reclining mechanism, this will be the perfect addition to any space. The tufted detailing and sleek track arms give this set a chic modern look that is sure to enhance your living space. Ideal for movie night, reading a book or just to kick back and relax after a long day\u2019s work, this modular motion series was designed for ultimate comfort.Includes: One (1) sofaFurniture Pattern: SolidType: Sofa, ReclinerMaterial: Bonded Leather, Foam, WoodStyle: Contemporary, Casual, TransitionalAssembly: Assembly RequiredColor: WhiteDimensions:\u00a041 inches high x 74 inches wide x 35 inches deepStyleCasual, Contemporary, TransitionalMaterialBonded Leather, Foam, WoodTypeRecliner, SofaAssemblyAssembly RequiredColorWhiteFurniture PatternSolid"
}