{
  "name": "Aaron_French_Oak_Dining_Table_with_Extensions", 
  "price": "EUR 904.79", 
  "reviews": [
    "failed to get review"
  ], 
  "link": "http://www.overstock.com/Home-Garden/Aaron-French-Oak-Dining-Table-with-Extensions/11081099/product.html?recset=d86d5667-3ab8-4e1d-b1a6-1d849a8d3656&refccid=R2OY6TZN2V22V6CNLYRJULENWE&recalg=828,512&recidx=15", 
  "img_url": [
    "http://ak1.ostkcdn.com/images/products/11081099/Aaron-French-Oak-Dining-Table-with-Extensions-a6f99c28-06e6-44e7-b63c-63a97fe08523_600.jpg"
  ], 
  "description": "Add to your home with the Aaron French Oak Dining Table. Light toned natural solid & veneered oak combine to make the Aaron dining table extensions to accommodate your additional guests.Shape: RectangleFurniture Room: Dining RoomMaterial: Oak, WoodStyle: ContemporaryAssembly: Assembly RequiredExact Color: OakFinish: Oak FinishDimensions: 30.6 inches high x 74.8 inches wide x 35.4 inches deepStyleContemporaryMaterialOak, WoodFinishOak FinishShapeRectangleAssemblyAssembly RequiredSeats Up To10"
}