{
  "name": "Abbyson_Living_Royal_Tufted_Wheat_Linen_Queen_Full_Headboard", 
  "price": "EUR 303.22", 
  "reviews": [
    "failed to get review"
  ], 
  "link": "http://www.overstock.com/Home-Garden/Abbyson-Living-Royal-Tufted-Wheat-Linen-Queen-Full-Headboard/10147637/product.html?recset=0080adcd-b227-4f75-9588-295bd9bf581d&refccid=2PV7MAKHMGFYQCSNX3HP7TCBHA&recalg=828,512&recidx=3", 
  "img_url": [
    "http://ak1.ostkcdn.com/images/products/10147637/Abbyson-Living-Royal-Tufted-Wheat-Linen-Queen-Full-Headboard-1ecedacc-1be9-4bb9-9fec-840bba16d48e_600.jpg"
  ], 
  "description": "The gorgeous Royal tufted headboard from Abbyson Living adds instant style to any setting. Accented with distinctive tufting and brass nailhead trimming, this furniture features luxuriously padded upholstery with exquisite detailing.\r\nSet includes: One (1) headboardLuxuriously padded upholstered headboard with exquisite detailingAccented with distinctive tufting and brass nailhead trimmings Features a sturdy wood frameBed rails and mattress sold separatelyQueen accommodates a full or queen size bed  Queen dimensions: 51 inches high x 62.5 inches wide x 5 inches deepMinor assembly required (legs located in back of headboard)Type: TuftedProduct Features: Includes HardwareMaterial: Linen, WoodStyle: ModernAssembly: Assembly RequiredFinish: White FinishSize: QueenColor: BeigeStyleModern, Shabby ChicMaterialLinen, WoodTypeTuftedFinishWhite FinishAssemblyAssembly RequiredColorBeigeProduct FeaturesIncludes Hardware"
}