{
  "name": "America_Large_Dining_Table", 
  "price": "EUR 411.51", 
  "reviews": [
    "failed to get review"
  ], 
  "link": "http://www.overstock.com/Home-Garden/America-Large-Dining-Table/11468470/product.html?recset=7684d749-5bb6-4d78-acdb-65913782f774&refccid=OU6O2ZCDQ5N35P2HTEI5R3NMYM&recalg=828,512&recidx=14", 
  "img_url": [
    "http://ak1.ostkcdn.com/images/products/11468470/America-Dining-Table-Large-5733b61e-a0dc-4bf7-a621-51788e86c2e7_600.jpg"
  ], 
  "description": "Featuring characteristic millings, the extendable large America dining table offers you plenty of space for family dinners. The simple, yet timeless, table gives your dining space great design in a cozy country style. The wood structure is visible and provides a rustic ambience. It can be extended to an impressive size through the pull-out function. The insert plate is easily stored in the table.Shape: RectangleFurniture Room: Dining Room, KitchenMaterial: WoodStyle: Mid-Century, CountryAssembly: Assembly RequiredColor: White, Espresso Brown, TanFinish: White Finish, Espresso Finish, Natural FinishSeats Up To: 10Dimensions: 71 (+17.7) inches wide x 31.5 inches deep x 29.9 inches highStyleCountry, Mid-CenturyMaterialWoodFinishEspresso Finish, Natural Finish, White FinishShapeRectangleAssemblyAssembly RequiredSeats Up To10"
}