{
  "name": "Ansel_Trestle_Table", 
  "price": "EUR 406.64", 
  "reviews": [
    "First table the feet that keeps the table study were missing customer service was great and fed- ex a replacement table. The table is very nice. Fits perfectly in my breakfast snook."
  ], 
  "link": "http://www.overstock.com/Home-Garden/Ansel-Trestle-Table/10568411/product.html?recset=4629dfd4-ced6-41ae-a0b6-d8b77ea4d974&refccid=J7FSPBHDSPJ3UESL3OWDHHR4RA&recalg=828,512&recidx=19", 
  "img_url": [
    "http://ak1.ostkcdn.com/images/products/10568411/Ansel-Trestle-Table-e8f34efa-1360-4f4e-8d0b-2506cd75fef6_600.jpg"
  ], 
  "description": "A 19th-century northern Italian feel will enter you home when you\nplace this Ansel Trestle table in it. The X-shaped supports and\nkeyed-through tenons give it a distinguished look that will really\nset your kitchen or dining room apart.Beautiful multi-step elegant antique finish optionsSturdy table constructionTimelessness and elegance appearanceSet includes: One (1) tableMaterials: Wood, MDF, veneerFinish options: Antique black, chestnut or weathered\n  greyWeight: 52 poundsDimensions: 30 inches high x 48 inches wide x 30 inches\n  deepShape: RectangleFurniture Room: Dining Room, KitchenMaterial: Wood, Veneer, MDFStyle: Casual, Modern, Contemporary, TransitionalAssembly: Assembly RequiredExact Color: Black, Grey, ChestnutFinish: Grey Finish, Black Finish, Antique, Chestnut\n  FinishStyleCasual, Contemporary, Modern, TransitionalMaterialMDF, Veneer, WoodFinishAntique, Black Finish, Chestnut Finish, Grey FinishShapeRectangleAssemblyAssembly RequiredSeats Up To4"
}