{
  "name": "Ansel_36_x_60_Trestle_Table", 
  "price": "EUR 562.93", 
  "reviews": [
    "failed to get review"
  ], 
  "link": "http://www.overstock.com/Home-Garden/Ansel-36-x-60-Trestle-Table/10566919/product.html?recset=4629dfd4-ced6-41ae-a0b6-d8b77ea4d974&refccid=J7FSPBHDSPJ3UESL3OWDHHR4RA&recalg=828,512&recidx=12", 
  "img_url": [
    "http://ak1.ostkcdn.com/images/products/10566919/Ansel-36-x-60-Trestle-Table-7a28e88d-031d-4412-a267-3dc658d1386a_600.jpg"
  ], 
  "description": "This Ansel Trestle Table evokes the style and feel of a 19th-century Northern Italian Table with its X-shaped supports and keyed-through tenons. It boasts a beautiful elegant and antique finish. Sturdy table constructionSet includes: 1 TableWeight: 78 LbsDimensions: 60''W x 36''D x 30''HShape: RectangleFurniture Room: Kitchen, Dining RoomMaterial: Wood, Veneer, MDFStyle: Casual, Modern, Contemporary, TransitionalAssembly: Assembly RequiredExact Color: Black, Grey, ChestnutFinish: Grey Finish, Black Finish, Antique, Chestnut FinishStyleCasual, Contemporary, Modern, TransitionalMaterialMDF, Veneer, WoodFinishAntique, Black Finish, Chestnut Finish, Grey FinishShapeRectangleAssemblyAssembly RequiredSeats Up To6"
}