{
  "name": "Aubrey_Bench", 
  "price": "EUR 219.28", 
  "reviews": [
    "Love this bench- Very easy to put together. Does not look cheap! Pretty solid bench!", 
    "Exactly like the picture. This bench is really great. Super sturdy and easy to put together.", 
    "This bench is a lot of bang for the buck! It looks great, and was easy to assemble. It could be used in lots of places. It has a very sturdy feel to it and I would buy it again."
  ], 
  "link": "http://www.overstock.com/Home-Garden/Aubrey-Bench/9811232/product.html?recset=d71b0c8a-f7c8-4013-8dac-c8ad026e9e74&refccid=WVGEHGGKNASJFT2HG54THJBZXI&recalg=828,512&recidx=1", 
  "img_url": [
    "http://ak1.ostkcdn.com/images/products/9811232/Aubrey-Bench-11f44e96-8865-4187-8967-4b2ba9316503_600.jpg"
  ], 
  "description": "Inspired by classic American furniture, this unique hand made Mango wood finished dining table  bench is the perfect centerpiece to any stylish dining room. Its simple mission style design blends with contemporary decor with ease.  Set includes: One (1) benchMaterials: Acacia wood Finish: WalnutDimensions: 18 inches high x 55 inches wide x 15 inches deepMaterialWoodBench TypeStandard BenchesBench MaterialWoodAssemblyAssembly RequiredColorBrown"
}