{
  "name": "Bailey_Chairside_Table", 
  "price": "EUR 351.94", 
  "reviews": [
    "Extremely happy with my purchase. I stained them with chalk paint and both tables turned out great."
  ], 
  "link": "http://www.overstock.com/Home-Garden/Bailey-Chairside-Table/10353209/product.html?recset=a72f5607-cf20-41a3-a9f5-b44e3d696a3b&refccid=USOGQM4Z2QOYGR2EN33R4OLZRA&recalg=828,512&recidx=5", 
  "img_url": [
    "http://ak1.ostkcdn.com/images/products/10353209/Bailey-Chairside-Table-818e2e78-9087-4508-ab48-61551f6fd679_600.jpg"
  ], 
  "description": "An adorable little pedestal base Bailey chairside table is\nconstructed of solid pine perfectly scaled for many interiors. Four\n(4) color choices designed to work with today's fabrics and\nfinishes so all your home decor will blend together. The table can\nserve as a pull up chairside table or a bedside table.Pedestal base24 inches high x 20 inches wide x 20 inches deep          Shape: RoundType: Accent Tables, Cocktail Tables, Coffee Tables, Snack\n  TablesStyle: Transitional, Casual, Contemporary, Vintage, Urban,\n  Traditional, CountryMaterial: Lacquer, PineAssembly: Assembly RequiredExact Color: Blue, NaturalFinish: Lacquer, Pine Finish, White Finish, Blue Finish,\n  Brown Finish, Natural FinishColor: White, Blue, Beige, BrownStyleCasual, Contemporary, Country, Traditional, Transitional, Urban, VintageMaterialLacquer, PineTypeAccent Tables, Cocktail Tables, Coffee Tables, Snack TablesFinishBlue Finish, Brown Finish, Lacquer, Natural Finish, Pine Finish, White FinishShapeRoundAssemblyAssembly RequiredColorBeige, Blue, Brown, White"
}