{
  "name": "Baxton_Studio_Hypatia_Mid-century_Modern_Grey_Fabric_Walnut_Wood_Button-tufted_Accent_Chair_(Set_of_2)", 
  "price": "EUR 214.42", 
  "reviews": [
    "I was skeptical of the quality when I purchased the chairs and were afraid they may look cheap. Thankfully I was wrong! This chair set looks awesome and they are super comfortable. I am pleased with the quality and low price."
  ], 
  "link": "http://www.overstock.com/Home-Garden/Baxton-Studio-Hypatia-Mid-century-Modern-Grey-Fabric-Walnut-Wood-Button-tufted-Accent-Chair-Set-of-2/11531118/product.html?recset=8aba1583-b205-436b-83f3-9856ad324913&refccid=KHKJ4FPXJPPLFUCKYYVQMBIY7I&recalg=828,512&recidx=7", 
  "img_url": [
    "http://ak1.ostkcdn.com/images/products/11531118/Baxton-Studio-Hypatia-Mid-century-Modern-Grey-Fabric-Walnut-Wood-Button-tufted-Accent-Chair-Set-of-2-730fff98-2d9e-4c82-8993-4e993a3449a1_600.jpg"
  ], 
  "description": "Express your fondness of mid-century style with this pair of button-tufting and cozy Hypatia Grey Fabric Accent Chair.  Upholstered in polyester fabric providing exceptional softness and durability, the walnut finishing solid rubberwood legs, in a strong and sturdy structure, providing a lasting good look and support for the chairs.  Padded with foam for comfort, the Hypatia accent chair is perfect as a study chair or occassional chair.\u00a0StyleContemporary, Mid-Century, ModernMaterialFabric, Foam, RubberwoodChair TypeAccent Chairs, Dining Chairs, Lounge Chairs, Side ChairsAssemblyAssembly RequiredChair Back HeightHigh BackColorGreyFurniture PatternSolidProduct FeaturesEco-Friendly"
}