{
  "name": "Baxton_Studio_Paraskeve_Modern_and_Contemporary_Fabric_Curved_Notched_Corners_Sofa_Twin_Daybed_with_roll-out_Trundle_Guest_Bed", 
  "price": "EUR 580.46", 
  "reviews": [
    "Attractive design, good value for the money, assembly made easy with clear instructions.", 
    "Easy assembly and fast shipping. Good quality for the price. Perfect for guest bedrooms."
  ], 
  "link": "http://www.overstock.com/Home-Garden/Baxton-Studio-Paraskeve-Modern-and-Contemporary-Fabric-Curved-Notched-Corners-Sofa-Twin-Daybed-with-roll-out-Trundle-Guest-Bed/11534729/product.html?recset=3039c409-e7d5-4d20-a591-bfc16f12641f&refccid=KYWHLMCCC672VTCGGYSCC6DGUI&recalg=828,512&recidx=1", 
  "img_url": [
    "http://ak1.ostkcdn.com/images/products/11534729/Baxton-Studio-Paraskeve-Modern-and-Contemporary-Fabric-Curved-Notched-Corners-Sofa-Twin-Daybed-with-roll-out-Trundle-Guest-Bed-d65e580a-a118-44fd-baec-a70e5a7577d9_600.jpg"
  ], 
  "description": "The Paraskeve Daybed captures the spirit and popularity of upholstered beds in a space-saving package.  Versatile and sophisticated, the Paraskeve daybed features curved and notched corners with corded interior trim across the back and side panels, giving it a classy and expensive look.  Constructed from CARB-compliant solid hardwood, it's fully upholstered in beige linen or grey polyester fabric with comfortable foam-filled.   A contemporary sofa shape that makes it an ideal way to add sleeping spaces around the home, the Paraskeve combines daybed, guest bed and sofa in one, a multifunctional space saving solution that is perfect for your living room, family room, guest room or play room.  The high wrap-around back and notched arms of our Paraskeve Daybed form a cozy stage for a row of colorful pillows in your favorite fabrics for extra comfort.  The Paraskeve can also function as your kids' or teen's bed at your kids' room.  The roll-out trundle can be dressed up with mattress for comfy lounging by day, then has space for friends to sleepover by night.  In the home office, the daybed is a good option for extra seating space during day time while transforming into guest bed for two at night.  Made in Malaysia, the daybed requires assembly.\n\nModern and contemporary upholstered sofa twin size daybed with roll-out trundle guest bedSet includes two side panels, back panel and trundleMaterials: solid rubberwood, plywood, MDF slats, linen or polyester fabric, foamCARB compliance hardwood, plywood and MDFFinishing: black finishing legsBeige linen or grey fabric upholstery over padded frameCurved notched cornersCorded interior trim across side panels and back panelsDetailed stitchings\nStandard twin size mattress recommended, mattress not includedSelf-assembly requiredMade in MalaysiaDimensions: Overall: 84.06'W X 42.91'D X 37.2'H; Trundle: 76.78'W X 41.15'D X 11.22'H, Net weight: 157.08 lbs.MaterialFabric, Foam, Linen, MDF, Polyester Blend, RubberwoodFinishBeige Finish, Grey FinishBed StyleDaybed, Trundle BedAssemblyAssembly RequiredColorBeige, GreyFurniture PatternSolid"
}