{
  "name": "Baxton_Studio_Georgios_Modern_Contemporary_Greyish_Beige_Fabric_Upholstered_Headboard", 
  "price": "EUR 119.11", 
  "reviews": [
    "Extremely nice headboard, very happy with it and I thought the price was reasonable. Could of gotten something cheaper, but not as much product and design, this was excellent, very happy with this purchase."
  ], 
  "link": "http://www.overstock.com/Home-Garden/Baxton-Studio-Georgios-Modern-Contemporary-Greyish-Beige-Fabric-Upholstered-Headboard/11210828/product.html?recset=eb9b0a73-d2f2-444b-8ce4-2c3f64db486c&refccid=JK2NPAOOYZ3I6MKALSKTJLUF74&recalg=828,512&recidx=5", 
  "img_url": [
    "http://ak1.ostkcdn.com/images/products/11210828/Baxton-Studio-Georgios-Modern-Contemporary-Greyish-Beige-Fabric-Upholstered-Headboard-02de906c-71c3-4317-ab91-c30fc0d490be_600.jpg"
  ], 
  "description": "Add a touch of romance to the look and feel of your boudoir with the Georgios Upholstered Headboard.  Featuring clean lines, subtle hues and chic, the Georgios headboard will create a handsome aesthetic in your bedroom interior.  Constructed of solid rubberwood frame and plywood, the headboard is built to last.  Soft polyester fabric in greyish beige over the foam filled headboard provides ample comfort for you to lean against.\u00a0StyleContemporary, ModernMaterialFoam, Polyester, Rubberwood, WoodTypeAdjustable, UpholsteredFinishBeige Finish, Grey FinishAssemblyAssembly RequiredColorBeige, GreyFurniture PatternSolidProduct FeaturesAdjustable Height"
}