{
  "name": "Baxton_Studio_Lefteris_Modern_Contemporary_Fabric_Nailheads_Trimmed_Arched_Back_Sofa_Twin_Daybed_with_Roll-out_Trundle_Guest_Bed", 
  "price": "EUR 544.82", 
  "reviews": [
    "When you open the box it looks intimidating, but I took my time and followed the directions and it turned out great. Very firm, plus adds style to the bedroom.", 
    "This is perfect. I am so happy with the comfort level and it was very easy to assemble with clear and understandable directions."
  ], 
  "link": "http://www.overstock.com/Home-Garden/Baxton-Studio-Lefteris-Modern-Contemporary-Fabric-Nailheads-Trimmed-Arched-Back-Sofa-Twin-Daybed-with-Roll-out-Trundle-Guest-Bed/11534861/product.html?recset=3039c409-e7d5-4d20-a591-bfc16f12641f&refccid=KYWHLMCCC672VTCGGYSCC6DGUI&recalg=828,512&recidx=6", 
  "img_url": [
    "http://ak1.ostkcdn.com/images/products/11534861/Baxton-Studio-Lefteris-Modern-Contemporary-Fabric-Nailheads-Trimmed-Arched-Back-Sofa-Twin-Daybed-with-Roll-out-Trundle-Guest-Bed-bf21f042-69ba-42ef-82b3-b40bbc8c3f7b_600.jpg"
  ], 
  "description": "Featuring curvaceous design with large silver nailheads trim, the Lefteris Fabric Nailhead Trimmed Arched Back Sofa Twin Daybed captures the spirit and popularity of upholstered beds in a space-saving package.  Versatile and functional, this 3-in-1 Lefteris Daybed comes with a twin roll-out trundle, so it can accommodate up to two overnight guests.  It's a sofa!  It's a bed!  Yet another bed!  Constructed from CARB-compliant solid hardwood and boasting detailed stitching, it's fully upholstered in a beige linen or grey polyester fabric with comfortable foam-filled.   For studio apartment and condominium where space is limited, the Lefteris could be your reading nook during the day time while transforming into your guest bed for two by rolling out the trundle.  Arched back panel and side panels with large silver nailheads showcase the upscale range of this piece.  The Lefteris can also function as your kids' or teen's bed.  The roll-out trundle can be dressed up with mattress for comfy lounging by day, then has space for friends to sleepover by night.  In your living room, family room or home office, the daybed is a good option for extra seating space during day time while transforming into guest bed for two at night.  Made in Malaysia, the daybed requires assembly.\n\nModern and contemporary upholstered sofa twin size daybed with roll-out trundle guest bedSet includes two side panels, back panel and trundleMaterials: solid rubberwood, plywood, MDF slats, linen or polyester fabric, foamCARB compliance hardwood, plywood and MDFFinishing: black finishing legsBeige linen or grey fabric upholstery over padded frameLarge silver nailheads trimArched back panel and side panelsDetailed stitchings\nStandard twin size mattress recommended, mattress not includedSelf-assembly requiredMade in MalaysiaDimensions: Overall: 84.06'W X 42.72'D X 37.6'H; Trundle: 76.78'W X 41.15'D X 11.22'H, Net weight: 133.98 lbsMaterialFabric, Foam, Linen, MDF, Polyester Blend, RubberwoodFinishBeige Finish, Grey FinishBed StyleDaybed, Trundle BedAssemblyAssembly RequiredColorBeige, GreyFurniture PatternSolid"
}