{
  "name": "Baxton_Studio_Zoe_Modern_and_Contemporary_White_Faux_Leather_Upholstered_Curved_Sofa_Twin_Daybed_with_Roll-out_Trundle_Guest_Bed", 
  "price": "EUR 565.29", 
  "reviews": [
    "The daybed is great. Very comfortable. I was surprised at how easy it was to put together. Easy to follow instructions are always a plus. No complaints. Comfortable and stylish."
  ], 
  "link": "http://www.overstock.com/Home-Garden/Baxton-Studio-Zoe-Modern-and-Contemporary-White-Faux-Leather-Upholstered-Curved-Sofa-Twin-Daybed-with-Roll-out-Trundle-Guest-Bed/11529196/product.html?recset=3039c409-e7d5-4d20-a591-bfc16f12641f&refccid=KYWHLMCCC672VTCGGYSCC6DGUI&recalg=828,512&recidx=11", 
  "img_url": [
    "http://ak1.ostkcdn.com/images/products/11529196/Baxton-Studio-Zoe-Modern-and-Contemporary-White-Faux-Leather-Upholstered-Curved-Sofa-Twin-Daybed-with-Roll-out-Trundle-Guest-Bed-81cb9225-3135-4e0c-bd74-2435574e73a5_600.jpg"
  ], 
  "description": "The Zoe Modern and Contemporary White Faux Leather Upholstered Curved Sofa Twin Daybed with Roll-out Trundle Guest Bed has all the style your little girl wants and all the function YOU need! The unique, curvy design and the details give an expensive look at an unbelievable price!  Perfect in a guest room, studio apartment or youth bedroom, you'll have room for two, thanks to the space-saving trundle!\u00a0MaterialFaux Leather, Foam, MDF, RubberwoodFinishWhite FinishBed StyleDaybed, Trundle BedAssemblyAssembly RequiredColorWhiteFurniture PatternSolid"
}