{
  "name": "Baxton_Studio_Eris_Black_or_White_Faux_Leather_Button-tufting_Sofa_Twin_Daybed_with_Roll-out_Trundle_Bed", 
  "price": "EUR 572.87", 
  "reviews": [
    "I am really happy with purchase. For the price, it can't be beaten. It is very contemporary. It is sturdy, easy to assemble, and looks great overall."
  ], 
  "link": "http://www.overstock.com/Home-Garden/Baxton-Studio-Eris-Black-or-White-Faux-Leather-Button-tufting-Sofa-Twin-Daybed-with-Roll-out-Trundle-Bed/11529232/product.html?recset=3039c409-e7d5-4d20-a591-bfc16f12641f&refccid=KYWHLMCCC672VTCGGYSCC6DGUI&recalg=828,512&recidx=4", 
  "img_url": [
    "http://ak1.ostkcdn.com/images/products/11529232/Baxton-Studio-Eris-Modern-Contemporary-Black-or-White-Faux-Leather-Button-tufting-Sofa-Twin-Daybed-with-Roll-out-Trundle-Bed-80e04522-a55f-44d8-aaec-4012ba1de7a9_600.jpg"
  ], 
  "description": "The Eris Modern and Contemporary Faux Leather Button-tufting Sofa Twin Daybed with Roll-out Trundle Guest Bed can accommodate up to two overnight guests.  It's a sofa!  It's a bed!  Yet another bed!  Constructed from CARB-compliant solid hardwood and boasting beautiful button-tufting and grid lines, it's fully upholstered in black or white faux leather with foam padding.\u00a0MaterialFaux Leather, Foam, MDF, RubberwoodFinishBlack Finish, White FinishBed StyleDaybed, Trundle BedAssemblyAssembly RequiredColorBlack, WhiteFurniture PatternSolid"
}