{
  "name": "Baxton_Studio_Georgios_Modern_and_Contemporary_Twin_Size_Fabric_Upholstered_Headboard_", 
  "price": "EUR 87.71", 
  "reviews": [
    "My son picked this out for his room. We liked the style and he was in need of something more modern. I thought the price was good, and it was shipped ahead of schedule."
  ], 
  "link": "http://www.overstock.com/Home-Garden/Baxton-Studio-Georgios-Modern-and-Contemporary-Twin-Size-Fabric-Upholstered-Headboard/11461130/product.html?recset=eb9b0a73-d2f2-444b-8ce4-2c3f64db486c&refccid=JK2NPAOOYZ3I6MKALSKTJLUF74&recalg=828,512&recidx=2", 
  "img_url": [
    "http://ak1.ostkcdn.com/images/products/11461130/Baxton-Studio-Georgios-Modern-and-Contemporary-Twin-Size-Fabric-Upholstered-Headboard-1bc6a8a8-19ae-46f2-8e76-6b1526d5ec8b_600.jpg"
  ], 
  "description": "Add a touch of romance to the look and feel of your boudoir with the Georgios Upholstered Headboard.  Featuring clean lines, subtle hues and chic, the Georgios headboard will create a handsome aesthetic in your bedroom interior.  Constructed of solid rubberwood frame and plywood, the headboard is built to last.  Soft polyester fabric in greyish-beige or dark grey tone over the foam filled headboard provides ample comfort for you to lean against.  Leg supports are invisible once set up and can be adjusted to suit the height of your ensemble for convenience.  Headboard sits between the wall and the ensemble frame, attaching not to the bed base but to the legs, for stability.  Made in Malaysia, this Twin size headboard requires assembly.\n\nModern and contemporary twin size upholstered headboardMaterials:  Solid rubberwood frame, plywood, foam and polyester fabricFabric color:  greyish-beige or dark greySiilver nailheads trim for a classy and glamour lookThe headboard comes with 2 pre-drilled holes (with height from ground up of 5.5 inches and 8 inches) that go with any Leggett and Platt bedframe The upper part on the back of the headboard's legs comes with 5 predrilled holes with 2.55 inches apart from one another for height adjustmentAssembly requiredMade in MalaysiaFurniture Pattern: SolidFurniture Room: BedroomProduct Features: Adjustable HeightMaterial: Rubberwood, Foam, PolyesterStyle: Contemporary, ModernAssembly: Assembly RequiredBed Style: HeadboardsExact Color: Grey, BeigeFinish: Grey Finish, Beige FinishColor: Grey, BeigeSize: TwinStyleContemporary, ModernMaterialFoam, Polyester, RubberwoodFinishBeige Finish, Grey FinishBed StyleHeadboardsAssemblyAssembly RequiredColorBeige, GreyFurniture PatternSolidProduct FeaturesAdjustable Height"
}