{
  "name": "Baxton_Studio_Agathe_Modern_Contemporary_Dark_Grey_Fabric_Upholstered_Headboard", 
  "price": "EUR 119.11", 
  "reviews": [
    "This was a great price for this headboard. It could be a bit more sturdy. It was easy to attach to the bed frame. Would recommend this.", 
    "It is thin and it's a bit flimsy. But it looks so good. It's a great deal, specially for the price."
  ], 
  "link": "http://www.overstock.com/Home-Garden/Baxton-Studio-Agathe-Modern-Contemporary-Dark-Grey-Fabric-Upholstered-Headboard/11210873/product.html?recset=eb9b0a73-d2f2-444b-8ce4-2c3f64db486c&refccid=JK2NPAOOYZ3I6MKALSKTJLUF74&recalg=828,512&recidx=6", 
  "img_url": [
    "http://ak1.ostkcdn.com/images/products/11210873/Baxton-Studio-Agathe-Modern-Contemporary-Dark-Grey-Fabric-Upholstered-Headboard-b76900e6-af55-495a-8066-36ed800dc416_600.jpg"
  ], 
  "description": "You can imagine this designer piece feeling right at home in a villa in the Hollywood Hills or a lavish loft in New York. Transform your space into a luxurious hideaway.  The beautiful nailhead detailing cornering the headboard adds that subtle sparkle that every glamorous bedroom dreams of!  Constructed of solid rubberwood frame and plywood, the headboard is built to last.StyleContemporary, ModernMaterialFoam, Polyester, Rubberwood, WoodTypeAdjustable, UpholsteredFinishGrey FinishAssemblyAssembly RequiredColorGreyFurniture PatternSolidProduct FeaturesAdjustable Height"
}