{
  "name": "Benchcraft_Maier_Microfiber_Sectional_with_Left_Side_Facing_Chaise", 
  "price": "EUR 1191.24", 
  "reviews": [
    "The curbside delivery (more like a drop-off) was not ideal but this sectional is exactly what I was looking for. It's super comfortable, seats at least 5 people at a time and fills up a lot of space if that's what you're looking for.", 
    "This is exactly what we have been looking for. Right color and right material. Easy to assemble."
  ], 
  "link": "http://www.overstock.com/Home-Garden/Benchcraft-Maier-Microfiber-Sectional-with-Left-Side-Facing-Chaise/10356139/product.html?recset=3eda1498-4c53-46c4-9d67-760606281a12&refccid=E22SHHQLOSDI7ESJYSUYJDCTDY&recalg=828,512&recidx=10", 
  "img_url": [
    "http://ak1.ostkcdn.com/images/products/10356139/Benchcraft-Maier-Microfiber-Sectional-with-Left-Side-Facing-Chaise-088a44b5-1d40-46d1-bc8a-d16a7e4f9730_600.jpg"
  ], 
  "description": "The comfortable contemporary design of the Maier upholstery collection features plush boxed seating and back cushions giving you the comfort you desire while helping enhance your homes decor with exciting jumbo stitch detailing and tufted accents that embrace the modern style.\nMaterial: Foam, Wood, Microfiber, PolyesterStyle: ContemporaryAssembly: AssembledColor: Red, Grey, BrownStyleContemporaryMaterialFoam, Microfiber, Polyester, WoodAssemblyAssembledColorBrown, Grey, Red"
}