{
  "name": "Beso_Accent_Chair", 
  "price": "EUR 288.06", 
  "reviews": [
    "failed to get review"
  ], 
  "link": "http://www.overstock.com/Home-Garden/Beso-Accent-Chair/11414271/product.html?recset=6c4992ad-3e7f-4f11-bc32-71483409937c&refccid=63FQHEI6GEMIYVSKP7PCV4V4PQ&recalg=828,512&recidx=15", 
  "img_url": [
    "http://ak1.ostkcdn.com/images/products/11414271/BESO-ACCENT-CHAIR-ffed29bb-7cf7-4d74-ad76-3ca0de52a269_600.jpg"
  ], 
  "description": "This chair is an easy mix of laid back and formal styling. The slim frame design is a perfect choice for smaller spaces.\u00a0The mid-century modern design, the rich, coffee-finished wood, and the plush, comfortable cushioning\u00a0come together to create an inviting piece that will have your guests fighting for the 'best seat in the house.'\u00a0Mid-century modern styling, Dark coffee-finished woodFun, geometric frame provides sturdy supportSolid rubberwood frame and legs, Plush cushions on seat and back with textured beige fabric, brown faux leather or textured grey fabric upholsterySet includes: 1 Accent ChairMaterials: Beige or Grey Fabric or Brown Faux LeatherFinish: Dark CoffeeUpholstery Color: Beige, Grey or BrownDimensions: 33 inches long x 29 inches wide x 32.5 inches highChair Type: Accent ChairsMaterial: FabricStyle: Mid-Century, ModernAssembly: Assembly RequiredColor: Grey, Beige, BrownStyleMid-Century, ModernMaterialFabricChair TypeAccent ChairsAssemblyAssembly RequiredColorBeige, Brown, Grey"
}