{
  "name": "Boulder_Dining_Chairs_(Set_of_2)", 
  "price": "EUR 186.26", 
  "reviews": [
    "failed to get review"
  ], 
  "link": "http://www.overstock.com/Home-Garden/Boulder-Dining-Chairs-Set-of-2/10949185/product.html?recset=de846019-f390-439c-819f-ec8fdafe4a0f&refccid=L573N63F73IISGKHF2SMC6RQXI&recalg=828,512&recidx=6", 
  "img_url": [
    "http://ak1.ostkcdn.com/images/products/10949185/Boulder-Dining-Chairs-Set-of-2-57ff3a9c-1efe-464a-9a55-c907cfcb9d09_320.jpg"
  ], 
  "description": "Add a classic look to your dining area with the Boulder Dining Chairs. The grey wire-brush finish will give your home an organic look and feel. Made with solid Rubberwood and steel hardware, these chairs exude contemporary style.\nIncludes: Two (2) chairsFurniture Pattern: SolidChair Type: Dining ChairsMaterial: WoodStyle: ContemporaryAssembly: Assembly RequiredChair Back Height: StandardColor: GreyDimensions:\u00a038 inches high x 18 inches wide x 20.5 inches deepStyleContemporaryMaterialWoodChair TypeDining ChairsSet SizeSet of 2AssemblyAssembly RequiredChair Back HeightStandardColorGreyFurniture PatternSolid"
}