{
  "name": "Brasilia_54-inch_Round_Walnut_Wood_Dining_Table", 
  "price": "EUR 970.32", 
  "reviews": [
    "failed to get review"
  ], 
  "link": "http://www.overstock.com/Home-Garden/Brasilia-54-inch-Round-Walnut-Wood-Dining-Table/10400777/product.html?recset=1d3c6c00-fbad-4a8e-935e-20230c74affc&refccid=DSSEC3XK5VJI3S2NODRPPPZ4XM&recalg=828,512&recidx=9", 
  "img_url": [
    "http://ak1.ostkcdn.com/images/products/10400777/Brasilia-54-inch-Round-Walnut-Wood-Dining-Table-b988612a-a533-4059-865b-bfd69b0308d9_600.jpg"
  ], 
  "description": "Subtly molded, curved legs cluster to form an elegant, contemporary pedestal, propping up a uniquely solid, round table top. Ultimately, Brasilia dinning has a sophisticated, almost traditional look.Shape: RoundFurniture Room: Dining RoomMaterial: WoodStyle: Rustic, Casual, Farmhouse, TraditionalAssembly: Assembly RequiredExact Color: WalnutFinish: Lacquer, Satin, Distressed, Matte, Walnut Finish, Hand WaxedStyleCasual, Farmhouse, Rustic, Shabby Chic, TraditionalMaterialWoodFinishDistressed, Hand Waxed, Lacquer, Matte, Satin, Walnut FinishShapeRoundAssemblyAssembly Required"
}