{
  "name": "Christopher_Knight_Home_Bernstein_Fabric_Club_Chair", 
  "price": "EUR 373.60", 
  "reviews": [
    "failed to get review"
  ], 
  "link": "http://www.overstock.com/Home-Garden/Christopher-Knight-Home-Bernstein-Fabric-Club-Chair/11511863/product.html?recset=1f3cf96b-cbb9-426f-8d5b-766044480995&refccid=EPDVSCSS6HXKM32H3WNOVUZTZ4&recalg=828,512&recidx=8", 
  "img_url": [
    "http://ak1.ostkcdn.com/images/products/11511863/Christopher-Knight-Home-Bernstein-Fabric-Club-Chair-441278a0-ff91-4281-91a8-e077336b9317_600.jpg"
  ], 
  "description": "Cozy up with a good book in the Christopher Knight Home Bernstein club chair. Tufted details accent the contemporary wingback design, and the fabric upholstery adds a soft, neutral look that blends with your decor. \nIncludes: One (1) club chairMaterial: Fabric, woodColor options: Beige, teal, dark grey, or light greyFinish: EspressoAssembly required: YesWeight: 38-poundsDimensions: 37.75 inches high x 33.75 inches wide x 33.50 inches deep Seat dimensions: 18 inches high x 21.50 inches wide x 21.50 inches deepArmrest dimensions: 23 inches highFurniture Pattern: SolidChair Type: Club Chairs, Accent ChairsMaterial: Fabric, WoodStyle: Casual, Modern, TraditionalAssembly: Assembly RequiredChair Back Height: StandardExact Color: Grey, TealColor: Grey, Green, BeigeStyleCasual, Modern, TraditionalMaterialFabric, WoodChair TypeAccent Chairs, Club ChairsAssemblyAssembly RequiredChair Back HeightStandardColorBeige, Green, GreyFurniture PatternSolid"
}