{
  "name": "Christopher_Knight_Home_California_Vintage_Round_Mango_Wood_Dining_Table_(ONLY)", 
  "price": "EUR 1629.61", 
  "reviews": [
    "This has 6 screws and can assemble in 3 minutes. It is darker than the picture."
  ], 
  "link": "http://www.overstock.com/Home-Garden/Christopher-Knight-Home-California-Vintage-Round-Mango-Wood-Dining-Table-ONLY/10759553/product.html?recset=37179e50-34b3-4aa0-83ab-d79201dd9150&refccid=3LRPA7JKEKXYT5SBQ4O7FTFBIQ&recalg=828,512&recidx=16", 
  "img_url": [
    "http://ak1.ostkcdn.com/images/products/10759553/Christopher-Knight-Home-California-Vintage-Round-Mango-Wood-Dining-Table-c963a145-6fd6-4d63-b3a2-b2f4a24cd4b0_600.jpg"
  ], 
  "description": "The California vintage round mango wood dining table is an elegant addition to any dining area. With its uneven surface, old mango wood, and unique antique design it is sure to be a sophisticated statement piece.Includes: One (1) Dining tableStyle: CasualColor: BrownFinish: VintageMaterial: Mango woodWeight: 138 lbsDimension: 30 inches high x 53 inches wide x 53 inches deepStyleCasual, Contemporary, Modern, TraditionalMaterialWoodFinishBrown Finish, Wood FinishShapeRoundAssemblyAssembly Required"
}