{
  "name": "Christopher_Knight_Home_Randle_Haven_Tufted_Fabric_Club_Chair", 
  "price": "EUR 259.90", 
  "reviews": [
    "failed to get review"
  ], 
  "link": "http://www.overstock.com/Home-Garden/Christopher-Knight-Home-Randle-Haven-Tufted-Fabric-Club-Chair/11205900/product.html?recset=1f3cf96b-cbb9-426f-8d5b-766044480995&refccid=EPDVSCSS6HXKM32H3WNOVUZTZ4&recalg=828,512&recidx=16", 
  "img_url": [
    "http://ak1.ostkcdn.com/images/products/11205900/Christopher-Knight-Home-Randle-Haven-Tufted-Fabric-Club-Chair-5b3295e9-b744-426e-b4c8-fd5f220d9830_600.jpg"
  ], 
  "description": "Enjoy lounging with your favorite book in your library or living room with the Randle Haven club chair. This club chair will suck you in to a world of comfort and make you lose track of all time and space. \nIncludes: One (1) club chairMaterials: Fabric, woodColor options: Grey or natural beigeAssembly required: YesWeight: 40-poundsDimensions: 35.50 inches high x 35.25 inches wide x 30 inches deep Seat dimensions: 17.25 inches high x 21.50 inches wide x 20.50 inches deepFurniture Pattern: SolidChair Type: Club ChairsStyle: Casual, TraditionalMaterial: Fabric, WoodAssembly: Assembly RequiredChair Back Height: StandardExact Color: Grey, beigeColor: Grey, BeigeStyleCasual, TraditionalMaterialFabric, WoodChair TypeClub ChairsAssemblyAssembly RequiredChair Back HeightStandardColorBeige, GreyFurniture PatternSolid"
}