{
  "name": "Christopher_Knight_Home_Brookfield_Three-Seat_Fabric_Sofa", 
  "price": "EUR 662.75", 
  "reviews": [
    "Very pretty not too confortable but over all i like it"
  ], 
  "link": "http://www.overstock.com/Home-Garden/Christopher-Knight-Home-Brookfield-Three-Seat-Fabric-Sofa/10658988/product.html?recset=466fbc33-e19c-459b-aaba-45cb47276608&refccid=SKKKA5JUCIDZFFSJ6DMK6KGEUM&recalg=828,512&recidx=8", 
  "img_url": [
    "http://ak1.ostkcdn.com/images/products/10658988/Christopher-Knight-Home-Brookfield-Three-Seat-Fabric-Sofa-a3bd164e-13ba-4dff-8264-3898a1d18216_600.jpg"
  ], 
  "description": "The Brookfield three-seat fabric sofa will transform any living\nroom area into a cozy retreat. It's fabric finish brings with it\nthe comfort and style needed to entertain guest or just relax with\nthe whole family. Furniture Pattern: SolidType: Loveseat, SofaStyle: Casual, Contemporary, Modern, TraditionalMaterial: Fabric, WoodAssembly: Assembly RequiredExact Color: Grey, Beige, BrownColor: Grey, Beige, BrownIncludes: One (1) sofaMaterial: Fabric, woodColor: Beige, chocolate, or light greyAssembly Required: YesWeight: 85-poundsDimension: 33.25 inches high x 77.25 inches wide x 31.25\n  inches deepSeat dimensions: 18.50 inches high x 66.25 inches wide x 22\n  inches deepArmrest dimensions: 24.75 inches highStyleCasual, Contemporary, Modern, TraditionalMaterialFabric, WoodTypeLoveseat, SofaAssemblyAssembly RequiredColorBeige, Brown, GreyFurniture PatternSolid"
}