{
  "name": "Christopher_Knight_Home_Puerto_Acacia_Wood_3-piece_Picnic_Dining_Set", 
  "price": "EUR 628.10", 
  "reviews": [
    "failed to get review"
  ], 
  "link": "http://www.overstock.com/Home-Garden/Christopher-Knight-Home-Puerto-Acacia-Wood-3-piece-Picnic-Dining-Set/11152133/product.html?recset=d71b0c8a-f7c8-4013-8dac-c8ad026e9e74&refccid=WVGEHGGKNASJFT2HG54THJBZXI&recalg=828,512&recidx=12", 
  "img_url": [
    "http://ak1.ostkcdn.com/images/products/11152133/Christopher-Knight-Home-Puerto-Acacia-Wood-3-piece-Picnic-Dining-Set-0a32d43e-5a5b-497e-838c-174e3c208b94_600.jpg"
  ], 
  "description": "With the Christopher Knight home Puerto picnic dining set, you will always have plenty of space to sit, relax, eat, and talk to all of your guests comfortably outdoors. The bench and table design gives you that classic picnic table look. \rIncludes: Two (2) benches, one (1) tableMaterials: Acacia wood, powder coated ironColor: Brown with grey finishAssembly required: YesBench dimensions: 17.25 inches high x 63 inches wide x 14.50 inches deepBench weight: 32 pounds Table dimensions: 29.25 inches high x 70 inches wide x 33 inches deepTable weight: 64 poundsShape: RectangleProduct Features: Water ResistantStyle: Contemporary, Modern, Rustic, TraditionalMaterial: Acacia, Wood, IronAssembly: Assembly RequiredExact Color: BrownColor: BrownSize: 3-Piece SetsStyleContemporary, Modern, Rustic, TraditionalMaterialAcacia, Iron, WoodShapeRectangleAssemblyAssembly RequiredColorBrownProduct FeaturesWater Resistant"
}