{
  "name": "Copper_Head_Accent_Table", 
  "price": "EUR 154.85", 
  "reviews": [
    "failed to get review"
  ], 
  "link": "http://www.overstock.com/Home-Garden/Copper-Head-Accent-Table/10986823/product.html?recset=a72f5607-cf20-41a3-a9f5-b44e3d696a3b&refccid=USOGQM4Z2QOYGR2EN33R4OLZRA&recalg=828,512&recidx=16", 
  "img_url": [
    "http://ak1.ostkcdn.com/images/products/10986823/Copper-Head-Accent-Table-c4babd50-e135-4a25-95a5-1e1f0ced7bbc_600.jpg"
  ], 
  "description": "Two for the price of one.  The Copper Head Accent Table is a stunning design with a flamed copper finish.  It comes with one larger table and one smaller nesting table.\rShape: SpecialtyType: Accent Tables, End TablesStyle: Casual, Contemporary, Modern, Rustic, Southwestern, UrbanMaterial: MetalAssembly: AssembledFinish: Copper FinishColor: BrownStyleCasual, Contemporary, Modern, Rustic, Southwestern, UrbanMaterialMetalTypeAccent Tables, End TablesFinishCopper FinishShapeSpecialtyAssemblyAssembledColorBrown"
}