{
  "name": "Cordelia_Traditional_Extending_Dining_Table_with_Hand_Scraped_Top", 
  "price": "EUR 651.39", 
  "reviews": [
    "failed to get review"
  ], 
  "link": "http://www.overstock.com/Home-Garden/Cordelia-Traditional-Extending-Dining-Table-with-Hand-Scraped-Top/11206778/product.html?recset=b974562a-d660-41fa-bd18-ec120bfaf829&refccid=7LCG57GIW2LZVYSODJPGM7CEBE&recalg=828,512&recidx=3", 
  "img_url": [
    "http://ak1.ostkcdn.com/images/products/11206778/Cordelia-Traditional-Extending-Dining-Table-With-Hand-Scraped-Top-c3a2b985-9b29-40fb-b4cd-ea7acfecc283_600.jpg"
  ], 
  "description": "Gather friends and family around this table for holiday feasts and other celebrations. Crafted from acacia wood, this table's brown finish brings warmth to your dining room. With a removable leaf, it can be scaled down for more intimate gatherings, such as card nights, or lengthened to accommodate larger groups for more elaborate affairs.Set includes: One (1) dining tableMaterials: Acacia, wood, MDFFinish: Warm brown finishRemovable table leafDimension (overall): 30 inches high x 60-78 inches wide x 42 inches longShape: RectangleFurniture Room: Dining RoomMaterial: Acacia, WoodStyle: Contemporary, Country, Modern, Southwestern, Traditional, TransitionalExact Color: Cherry BrownFinish: Cherry FinishSeats Up To: 6StyleContemporary, Country, Modern, Southwestern, Traditional, TransitionalMaterialAcacia, WoodFinishCherry FinishShapeRectangleAssemblyAssembly RequiredSeats Up To6"
}