{
  "name": "Countryside_Chic_Antique_Brown_Wood_Dining_Table", 
  "price": "EUR 682.25", 
  "reviews": [
    "failed to get review"
  ], 
  "link": "http://www.overstock.com/Home-Garden/Countryside-Chic-Antique-Brown-Wood-Dining-Table/10139145/product.html?recset=80737136-2034-4b14-8bc4-39bbe86371b8&refccid=MFN7YVQSGTVK3H2IEJK3BHN4YM&recalg=828,512&recidx=8", 
  "img_url": [
    "http://ak1.ostkcdn.com/images/products/10139145/Countryside-Chic-Antique-Brown-Wood-Dining-Table-48752d4f-fdf9-4420-b0fa-2077f88f2ef7_600.jpg"
  ], 
  "description": "This charming dining table is the perfect addition to your dining room or kitchen. The table is designed to comfortably seat six, but with its concealed butterfly leaf it will easily accommodate larger gatherings or a growing family. The antiqued finish and distressed detailing create a warm, rustic feel.Charming, country designWood veneer over high-grade MDFPair it with our matching chairs and benchWormhole distressingAntique finishEasy to use butterfly leafShips ready-to-assemble with step-by-step instructionsDimensions: 60-77 inches wide x 40 inches deep x 30 inches tallWeight: 133 lbsStyleCasual, Country, Traditional, TransitionalMaterialMDF, Veneer, WoodFinishAntique, Brown Finish, Distressed, MatteShapeRectangleAssemblyAssembly Required"
}