{
  "name": "Decorative_Brown_Rustic_Round_Teak_Log_Dining_Table_Base", 
  "price": "EUR 579.91", 
  "reviews": [
    "failed to get review"
  ], 
  "link": "http://www.overstock.com/Home-Garden/Decorative-Brown-Rustic-Round-Teak-Log-Dining-Table-Base/8188649/product.html?recset=8912c5cd-88c6-4c82-84e6-c0f8b56dcd97&refccid=BDND45VI3VD3IPSAC35MDCHYN4&recalg=828,512&recidx=6", 
  "img_url": [
    "http://ak1.ostkcdn.com/images/products/8188649/Natura-White-Washed-Console-Table-b7c3b2c6-b7a4-49be-9384-c8af6bf50a00_600.jpg"
  ], 
  "description": "Handcrafted from pieces of driftwood, the Natura console table features a stunning finish. An eye catching and unique design on this console table makes each and everyone of these pieces an original.\r\nColors: Meduim, white, brown, tanMaterials: TeakwoodFinish: NaturalDimensions: 29.5 inches high x 16 inches wide x 55 inches deep StyleCasual, Contemporary, Country, Modern, Rustic, Southwestern, Traditional, Transitional, Urban, VintageMaterialWoodTypeAccent Tables, Console Tables, Side TablesFinishNatural Finish, Textured, Wood FinishShapeRound, SpecialtyAssemblyAssembledColorBrownSeats Up To4"
}