{
  "name": "DHP_Union_Grey_Laptop_Tray_Futon", 
  "price": "EUR 572.87", 
  "reviews": [
    "It looks just like the picture,and it's comfortable as a couch or bed. The arm rests are amazing for storage. The only negative is how short the cords are to plug it in.", 
    "I have a lot of pets and this hardly shows their fur at all - huge plus. Comfortable if you like firm; very firm cushion. Easy to change position. Like the length. Nice clean lines. The people who delivered it put it together in under 15 minutes", 
    "Great looking, very sturdy. The only issue is that I thought the layout sofa would be bigger - although they were the dimensions described in the description :)."
  ], 
  "link": "http://www.overstock.com/Home-Garden/DHP-Union-Grey-Laptop-Tray-Futon/10354650/product.html?recset=3f0d5146-a0dc-4dbd-b8e3-8b2e1916f989&refccid=BEFGMLKDKVNLNCSG6QGHPHWGF4&recalg=828,512&recidx=16", 
  "img_url": [
    "http://ak1.ostkcdn.com/images/products/10354650/DHP-Union-Grey-Laptop-Tray-Futon-2140acb7-f7a7-4ab1-b87b-f241d8bb7c3f_600.jpg"
  ], 
  "description": "This grey futon provides all the conveniences of a futon plus the functionality of built-in USB ports and movable armrests so your can have technology within your reach. In three clicks, this futon converts from a sofa to a bed. With comfortable, durable linen and intuitive design, it is the perfect addition to your guest room or living room.\nWide track armsModern linen upholsteryArms lift and swivel to act as a laptop trayAdjustable tray height for your comfort needsTufted detailing along the seatsWeight limit is 600 poundsSet includes: One (1) futonMaterials: Wood, linenFinish: LinenUpholstery color: GreyUpholstery fill: FoamShips in one (1) cartonWeight: 99.2 poundsSeat dimensions: 21 inches high x 71inches wide x 23 inches deepSleeping dimensions: 7.5 inches high x 71.5 inches wide x 44 inches deepOverall dimensions: 33.5 inches high x 85.5 inches wide x 35 inches deepFurniture Pattern: SolidFurniture Room: Bedroom, Living Room, OfficeType: Sleeper Sofa, SofaMaterial: Foam, Wood, LinenStyle: Modern, TransitionalAssembly: Assembly RequiredThickness: 7.5 InchExact Color: GreySize: FullColor: GreyStyleModern, TransitionalMaterialFoam, Linen, WoodTypeSleeper Sofa, SofaThickness7.5 InchAssemblyAssembly RequiredColorGreyFurniture PatternSolid"
}