{
  "name": "Ebro_Tan_Round_Dining_Table", 
  "price": "EUR 1467.83", 
  "reviews": [
    "failed to get review"
  ], 
  "link": "http://www.overstock.com/Home-Garden/Ebro-Tan-Round-Dining-Table/10128052/product.html?recset=1d3c6c00-fbad-4a8e-935e-20230c74affc&refccid=DSSEC3XK5VJI3S2NODRPPPZ4XM&recalg=828,512&recidx=12", 
  "img_url": [
    "http://ak1.ostkcdn.com/images/products/10128052/Ebro-Tan-Round-Dining-Table-a53682ff-be8d-48de-909d-21e179a6fb45_600.jpg"
  ], 
  "description": "This dining table is a simple traditional piece with an attractive rustic vibe. The wood construction has a sincere natural finish, and is sure to complement the look of your home. \rIncludes: One (1) TableStyle: TraditionalTable Finish: NaturalMaterials: WoodShape: RoundDimensions: 30 inches high x 47 inches in diameterShape: RoundFurniture Room: Dining Room, KitchenMaterial: WoodStyle: Casual, Contemporary, Country, Modern, Rustic, Southwestern, Transitional, VintageAssembly: Assembly RequiredFinish: Tan FinishStyleCasual, Contemporary, Country, Modern, Rustic, Southwestern, Transitional, VintageMaterialWoodFinishTan FinishShapeRoundAssemblyAssembly RequiredSeats Up To4"
}