{
  "name": "Edmonton_Rustic_Brown_Chair", 
  "price": "EUR 294.33", 
  "reviews": [
    "failed to get review"
  ], 
  "link": "http://www.overstock.com/Home-Garden/Edmonton-Rustic-Brown-Chair/10480378/product.html?recset=de846019-f390-439c-819f-ec8fdafe4a0f&refccid=L573N63F73IISGKHF2SMC6RQXI&recalg=828,512&recidx=11", 
  "img_url": [
    "http://ak1.ostkcdn.com/images/products/10480378/Edmonton-Rustic-Brown-Chair-bfb5a7f2-7bd4-4fc9-9afe-8ffa99e97824_600.jpg"
  ], 
  "description": "This rustic dining chair is made out of recycled teakwood, giving it a natural, distressed finish. The wood has different accent colors, creating a striped effect on the back.\rThis gorgeous furniture adds luxurious appeal to any room in your home, and is a dream come true for an interior decorator or homeowner alike.Dimensions: 18 inches x 23 inches x 40 inchesProduct Features: Eco-FriendlyChair Type: Dining Chairs, Accent ChairsMaterial: Teak, WoodStyle: RusticAssembly: AssembledSet Size: SingleChair Back Height: StandardExact Color: WhiteColor: WhiteStyleCasual, Contemporary, Country, Rustic, Southwestern, Transitional, VintageMaterialTeak, WoodChair TypeAccent Chairs, Dining ChairsSet SizeSingleAssemblyAssembledChair Back HeightStandardColorBrownFurniture PatternStripedProduct FeaturesEco-Friendly"
}