{
  "name": "Excelsior_Distressed_Natural_Chair", 
  "price": "EUR 203.59", 
  "reviews": [
    "failed to get review"
  ], 
  "link": "http://www.overstock.com/Home-Garden/Excelsior-Distressed-Natural-Chair/7492121/product.html?recset=de846019-f390-439c-819f-ec8fdafe4a0f&refccid=L573N63F73IISGKHF2SMC6RQXI&recalg=828,512&recidx=10", 
  "img_url": [
    "http://ak1.ostkcdn.com/images/products/7492121/Excelsior-Distressed-Natural-Chair-0b2d8c3a-ca8a-450e-b8f0-f13c1c03cb46_600.jpg"
  ], 
  "description": "Hang out in style with this attractive distressed style furniture. This chair features metal and wood construction in an eye-catching design.   Materials: MetalFinish: Distressed natural Upholstery materials: Metal, foamUpholstery color: Distressed NaturalUpholstery fill: foamSeat Dimensions: 17.71 inches high x 17.3 inches wide x 17.32 inches deepDimensions: 37.4 inches high x 17.3 inches wide x 17.3 inches deepStyleCountry, Rustic, TraditionalMaterialMetal, WoodFinishDistressedChair TypeDining ChairsSet SizeSingleAssemblyAssembly RequiredChair Back HeightStandardColorBrownFurniture PatternSolid"
}