{
  "name": "Farmhouse_Country_Anchor_Black_and_Bronze_Dinette_Table", 
  "price": "EUR 627.55", 
  "reviews": [
    "failed to get review"
  ], 
  "link": "http://www.overstock.com/Home-Garden/Farmhouse-Country-Anchor-Black-and-Bronze-Dinette-Table/10647781/product.html?recset=7684d749-5bb6-4d78-acdb-65913782f774&refccid=OU6O2ZCDQ5N35P2HTEI5R3NMYM&recalg=828,512&recidx=11", 
  "img_url": [
    "http://ak1.ostkcdn.com/images/products/10647781/Farmhouse-Country-Anchor-Black-and-Bronze-Dinette-Table-8ec1d632-0d96-448f-a130-124dfa18a4ad_600.jpg"
  ], 
  "description": "Low country farmhouse designed with turned legs and two-tone finish provides a perfect country style.\rShape: RectangleFurniture Room: Dining Room, KitchenMaterial: Veneer, Rubberwood, CherryStyle: Casual, FarmhouseAssembly: Assembly RequiredExact Color: Black Cherry FinishFinish: Cherry Finish, Black FinishStyleCasual, FarmhouseMaterialCherry, Rubberwood, VeneerFinishBlack Finish, Cherry FinishShapeRectangleAssemblyAssembly Required"
}