{
  "name": "Furniture_of_America_Lara_Contemporary_Flannelette_Scoop_Frame_Arm_Chair", 
  "price": "EUR 173.26", 
  "reviews": [
    "failed to get review"
  ], 
  "link": "http://www.overstock.com/Home-Garden/Furniture-of-America-Lara-Contemporary-Flannelette-Scoop-Frame-Arm-Chair/11546104/product.html?recset=1f3cf96b-cbb9-426f-8d5b-766044480995&refccid=EPDVSCSS6HXKM32H3WNOVUZTZ4&recalg=828,512&recidx=7", 
  "img_url": [
    "http://ak1.ostkcdn.com/images/products/11546104/Furniture-of-America-Lara-Contemporary-Flannelette-Scoop-Frame-Arm-Chair-b0f7b7aa-22b3-403e-af7e-b602d2d02a33_600.jpg"
  ], 
  "description": "Sophisticated fun in a compact design, this upholstered arm chair stands out in any living room, playroom or family room. Bright coloring emanates your little one\u2019s whimsical charm while the mid-century legs and a plush foam cushion showcase an updated look.\nSet includes: One (1) youth chairUpholstery color options: Blue, orange or pinkUpholstery material: Flannelette fabricUpholstery fill: FoamScoop chair structureSleek angled armsPlush foam seat cushionMid-century legsCompact youth pieceAll dimensions are approximateSeat dimensions: 15 inches high x 15 inches deepOverall dimensions: 25.75 inches high x 24 inches wide x 24 inches deepStyleContemporary, ModernMaterialPolyester Blend, WoodFinishBlue Finish, Orange Finish, Pink FinishChair TypeAccent Chairs, Arm Chairs, Club ChairsAssemblyAssembly RequiredColorBlue, Orange, PinkFurniture PatternSolid"
}