{
  "name": "Furniture_of_America_Polson_Country_Style_Medium_Oak_Dining_Table_with_18-inch_Leaf", 
  "price": "EUR 914.70", 
  "reviews": [
    "failed to get review"
  ], 
  "link": "http://www.overstock.com/Home-Garden/Furniture-of-America-Polson-Country-Style-Medium-Oak-Dining-Table-with-18-inch-Leaf/11443608/product.html?recset=7684d749-5bb6-4d78-acdb-65913782f774&refccid=OU6O2ZCDQ5N35P2HTEI5R3NMYM&recalg=828,512&recidx=18", 
  "img_url": [
    "http://ak1.ostkcdn.com/images/products/11443608/Furniture-of-America-Polson-Country-Style-Medium-Oak-Dining-Table-with-18-inch-Leaf-0ba9d391-ccd8-4e0f-bc9a-64eca3982d36_600.jpg"
  ], 
  "description": "Add some down-to-earth elements to your home with this country style inspired dining table. The rustic medium oak finish creates a rustic visual while masking the unique expandable leaf insert and storage capability.\nSet includes: One (1) dining table and one (1) 18-inch leafFinish: Medium oakBolt detailingSupportive metal bracesExpandable design18-inch leaf can be stored within tableSeats up to eight (8)Medium oak finishSolid wood constructionMatching side chairs sold separatelyAll dimensions are approximateTable without leaf dimensions: 30 inches high x 64 inches wide x 42 inches deepTable with leaf dimensions: 30 inches high x 82 inches wide x 42 inches deepStyleRustic, TransitionalMaterialMetal, Veneer, WoodFinishOak FinishShapeRectangleAssemblyAssembly RequiredSeats Up To8"
}