{
  "name": "Furniture_of_America_Rosille_Contemporary_Beige_Fabric_L-Shaped_Sectional", 
  "price": "EUR 3234.77", 
  "reviews": [
    "failed to get review"
  ], 
  "link": "http://www.overstock.com/Home-Garden/Furniture-of-America-Rosille-Contemporary-Beige-Fabric-L-Shaped-Sectional/11105409/product.html?recset=3eda1498-4c53-46c4-9d67-760606281a12&refccid=E22SHHQLOSDI7ESJYSUYJDCTDY&recalg=828,512&recidx=1", 
  "img_url": [
    "http://ak1.ostkcdn.com/images/products/11105409/Furniture-of-America-Rosille-Contemporary-Beige-Fabric-L-Shaped-Sectional-c61242a9-02ba-46ef-9f41-76a520de163a_600.jpg"
  ], 
  "description": "Light and uplifting, this L-shaped sectional is a gorgeous piece fit for any home looking to add a bright and inviting piece. The high-density foam cushions offer plenty of relaxation while multiple cushions, some patterned and all plush, provide a stylish and comforting seating environment.\nSet includes: One (1) L-shaped sectionalUpholstery color: BeigeUpholstery material: FabricUpholstery fill: FoamVarious loose back pillows in matching beige while plenty of throw pillows add color and styleT-shaped seat cushions enhance the angled and padded arm restsHigh-density foam filling paired with sinuous wire no-sag springsSupported upon espresso finished wood block legs at a low profile heightL-shaped structure crafted from solid wood for a long-lasting pieceMatching chair and accent tables available, sold separatelyMade in USAFurniture Pattern: SolidMaterial: Fabric, Foam, WoodStyle: Casual, Contemporary, Modern, TransitionalAssembly: Assembly RequiredColor: Beige, Off-WhiteAll dimensions are approximateSeat dimensions: 19 inches high x 30 inches deepOverall dimensions: 40 inches high x 136 inches wide x 100 inches deepStyleCasual, Contemporary, Modern, TransitionalMaterialFabric, Foam, WoodAssemblyAssembly RequiredColorBeige, Off-WhiteFurniture PatternSolid"
}