{
  "name": "Furniture_of_America_Matthias_Industrial_Rustic_Pine_Dining_Table", 
  "price": "EUR 1247.55", 
  "reviews": [
    "failed to get review"
  ], 
  "link": "http://www.overstock.com/Home-Garden/Furniture-of-America-Matthias-Industrial-Rustic-Pine-Dining-Table/11149919/product.html?recset=edce2bfd-19be-491a-9011-c53d653e48bf&refccid=XF66VFXDSCELOVKECQOIV427LU&recalg=828,512&recidx=4", 
  "img_url": [
    "http://ak1.ostkcdn.com/images/products/11149919/Furniture-of-America-Matthias-Industrial-Rustic-Pine-Dining-Table-f8358159-c78f-4a9c-a49a-914bc0ec5130_600.jpg"
  ], 
  "description": "This eye-catching industrial-inspired dining table features gorgeous rustic details that enhance the wood construction. The curved legs offer an unconventional twist to traditional legs while a center support beam ensures long-lasting stability.\r\nSet includes: One (1) dining table Finish: Rustic PineRustic design with weathered wood finishCurved back-to-back C-shaped leg supportsCenter beam along bottom for added structural integrityLarge plank-style tabletop easily seats eight (8)Matching bench, chairs and server available, sold separatelyAll dimensions are approximateTable dimensions: 30 inches high x 42 inches wide x 96 inches deepShape: RectangleFurniture Room: Dining RoomMaterial: Wood, PineStyle: Rustic, TransitionalAssembly: Assembly RequiredExact Color: BrownFinish: Pine FinishSeats Up To: 8StyleRustic, TransitionalMaterialPine, WoodFinishPine FinishShapeRectangleAssemblyAssembly RequiredSeats Up To8"
}