{
  "name": "Furniture_of_America_Pierson_Contemporary_Flannelette_Sofa", 
  "price": "EUR 758.05", 
  "reviews": [
    "failed to get review"
  ], 
  "link": "http://www.overstock.com/Home-Garden/Furniture-of-America-Pierson-Contemporary-Flannelette-Sofa/11176917/product.html?recset=b6fded2f-0fec-4d8f-be49-b62de6c38348&refccid=W5C5TBUELUGIED2JQ36GEV3LW4&recalg=828,512&recidx=17", 
  "img_url": [
    "http://ak1.ostkcdn.com/images/products/11176917/Furniture-of-America-Pierson-Contemporary-Flannelette-Sofa-5f0a667a-582e-4059-93bb-fc4eeebc20d4_600.jpg"
  ], 
  "description": "Choose this handsome and warming flannelette upholstered sofa to furnish your living space. Plenty of room is available for guests and the inner cushions provide a designated resting area for tired arms.\rSet includes: One (1) sofaUpholstery: Flannelette fabricUpholstery color options: Beige, navy or warm greyUpholstery fill: FoamGently tufted accent along back and seatInner arm padding for extra comfortFlared arms add a slight curve to the structureEspresso finished wood block legsSoft flannelette upholstery along entire exteriorMatching chair and loveseat available, sold separatelyAll dimensions are approximateSeat dimensions: 18 inches high x 22.5 inches deepSofa dimensions: 32.5 inches high x 75.5 inches wide x 35 inches deepFurniture Pattern: SolidType: SofaStyle: Contemporary, Modern, CasualMaterial: Fabric, Wood, FoamAssembly: Assembly RequiredExact Color: Blue, Grey, BeigeColor: Blue, Grey, BeigeStyleCasual, Contemporary, ModernMaterialFabric, Foam, WoodTypeSofaAssemblyAssembly RequiredColorBeige, Blue, GreyFurniture PatternSolid"
}