{
  "name": "Furniture_of_America_Clarks_Farmhouse_Style_Dining_Table", 
  "price": "EUR 806.03", 
  "reviews": [
    "I bought this without seeing anybody's review. It kind of risky, but it turns out good. color match with description. product was shipped by private freight company. It actually arrived earlier than estimate delivery date. They called you to schedule delivery date and time. Package was well packed with a lot protective materials. Excellent product.", 
    "great solid and heavy table, goes well with our old farm house", 
    "Love the table, very sturdy", 
    "We are so in love with our farmhouse table ! The color is gorgeous and clean lines give it a more modern look. The finishing is great as well... Glasses left on top have not made permanent rings or anything of the sort. Best furniture buy!", 
    "there is patches in the table top and marks in it they look like a hole punchthe top looks tacky but like the color of it and sturdiness"
  ], 
  "link": "http://www.overstock.com/Home-Garden/Furniture-of-America-Clarks-Farmhouse-Style-Dining-Table/9786945/product.html?recset=7684d749-5bb6-4d78-acdb-65913782f774&refccid=OU6O2ZCDQ5N35P2HTEI5R3NMYM&recalg=828,512&recidx=2", 
  "img_url": [
    "http://ak1.ostkcdn.com/images/products/9786945/Furniture-of-America-Clarks-Farmhouse-Style-Dining-Table-b9565598-ae3c-4dfe-9080-67d9e530a155_600.jpg"
  ], 
  "description": "Make your dining area more inviting with this rustic table from Furniture of America. Pair this rectangular oak table with sturdy wood chairs to create a cohesive country-inspired look. This farmhouse-style table is large enough to accommodate up to six seated guests, and the spacious top surface makes it easy to serve a variety of homemade dishes family style.\nSet includes: One (1) dining tableMaterials: Solid wood, wood veneerFinish: Dark oakTable dimensions: 30 inches high x 72 inches wide x 40 inches deepStyleCountry, Farmhouse, Rustic, Southwestern, TraditionalMaterialVeneer, WoodFinishBrown Finish, Distressed, Oak Finish, Wood FinishShapeRectangleAssemblyAssembly Required"
}