{
  "name": "Furniture_of_America_Nellie_Tuxedo_Style_Tufted_Flax_Daybed_with_Twin_Trundle", 
  "price": "EUR 1254.05", 
  "reviews": [
    "failed to get review"
  ], 
  "link": "http://www.overstock.com/Home-Garden/Furniture-of-America-Nellie-Tuxedo-Style-Tufted-Flax-Daybed-with-Twin-Trundle/10957753/product.html?recset=3039c409-e7d5-4d20-a591-bfc16f12641f&refccid=KYWHLMCCC672VTCGGYSCC6DGUI&recalg=828,512&recidx=9", 
  "img_url": [
    "http://ak1.ostkcdn.com/images/products/10957753/Furniture-of-America-Nellie-Tuxedo-Style-Tufted-Flax-Daybed-with-Twin-Trundle-a5d40311-ef55-4cf3-acda-cf562965a8c0_600.jpg"
  ], 
  "description": "Tufted and chic, this refined daybed is a beautiful addition to any home with its rolled arms that blend beautifully into the upholstered back. The tuxedo structure creates a beautifully simple frame to house the button tufting and twin trundle while nailhead trim keeps the eyes focused towards the center.\rSet includes: One (1) daybed and one (1) twin trundleSize: TwinUpholstery color options: Beige, lemongrass, grey or dark tealUpholstery material: Linen-like flax fabricUpholstery fill: FoamTuxedo inspired structure with linear frameworkNailhead trim running along the front face of the rolled armsDeep button tufting along the entire arm and back interiorTwin trundle included with smooth gliding casters and upholstered panelSlat kit included for both bed and trundle to ensure immediate mattress ready useSolid wood framework ensures long-lasting durabilityAll dimensions are approximateOverall dimensions: 36.5 inches high x 96.75 inches wide x 44.75 inches deepMaterialFabric, Foam, Linen, Metal, Veneer, WoodFinishBeige Finish, Blue Finish, Green Finish, Grey FinishBed StyleDaybedAssemblyAssembly RequiredColorBeige, Blue, Green, GreyFurniture PatternSolidProduct FeaturesIncludes Hardware"
}