{
  "name": "Furniture_of_America_Matthias_Industrial_Rustic_Pine_Upholstered_Dining_Chair_(Set_of_2)", 
  "price": "EUR 440.54", 
  "reviews": [
    "failed to get review"
  ], 
  "link": "http://www.overstock.com/Home-Garden/Furniture-of-America-Matthias-Industrial-Rustic-Pine-Upholstered-Dining-Chair-Set-of-2/11149923/product.html?recset=80737136-2034-4b14-8bc4-39bbe86371b8&refccid=MFN7YVQSGTVK3H2IEJK3BHN4YM&recalg=828,512&recidx=18", 
  "img_url": [
    "http://ak1.ostkcdn.com/images/products/11149923/Furniture-of-America-Matthias-Industrial-Rustic-Pine-Upholstered-Dining-Chair-Set-of-2-ed7d9f7c-3bfe-4523-befe-c152964659fc_600.jpg"
  ], 
  "description": "This upholstered dining chair provides a delightful blend between rustic style and traditional function. The padded leatherette seat and back enhances the durable design while nailhead trim accentuates the rustic finish.\rSet includes: Two (2) dining chairsFinish: Rustic PineUpholstery: Faux leatherUpholstery fill: FoamRustic design with weathered wood finishFaux leather upholstery filled with comfortable foamPadded seat and back to ensure comfortNailhead trim borders the backMatching dining table, bench and server available, sold separatelyAll dimensions are approximateSeat dimensions: 19 inches high x 18 inches deepChair dimensions: 39 inches high x 20 inches wide x 23 inches deepStyleRustic, TransitionalMaterialFaux Leather, Foam, Pine, WoodFinishPine FinishChair TypeDining Chairs, Side ChairsSet SizeSet of 2AssemblyAssembly RequiredChair Back HeightStandardColorBrownFurniture PatternSolid"
}