{
  "name": "Furniture_of_America_Felicity_Rustic_Walnut_74-inch_Dining_Table", 
  "price": "EUR 882.59", 
  "reviews": [
    "failed to get review"
  ], 
  "link": "http://www.overstock.com/Home-Garden/Furniture-of-America-Felicity-Rustic-Walnut-74-inch-Dining-Table/10362313/product.html?recset=7684d749-5bb6-4d78-acdb-65913782f774&refccid=OU6O2ZCDQ5N35P2HTEI5R3NMYM&recalg=828,512&recidx=7", 
  "img_url": [
    "http://ak1.ostkcdn.com/images/products/10362313/Furniture-of-America-Felicity-Rustic-Walnut-74-inch-Dining-Table-bf412ce0-4bcd-444f-90da-52ab2dab2ee8_600.jpg"
  ], 
  "description": "Wide and inviting, this dining table is a gorgeous display of rustic and modern elements. The plank style table finished in rustic walnut sets the mood while the supportive base is reinforced with added beams.\nSet includes: One (1) dining table onlyFinish: Rustic walnutPlank style tabletop with angular base supportsTable easily accommodates six (6) with wide lengthRustic walnut finish enhances the solid wood craftsmanshipPictured chairs and bench available, sold separatelyAll dimensions are approximateTable dimensions: 30 inches high x 74 inches wide x 38 inches deepStyleCasual, Country, Farmhouse, Rustic, TransitionalMaterialVeneer, WoodFinishBrown Finish, Distressed, Walnut Finish, Weathered, Wood FinishShapeRectangleAssemblyAssembly Required"
}