{
  "name": "Furniture_of_America_Tobiath_Rustic_Dark_Oak_Dining_Table", 
  "price": "EUR 1075.36", 
  "reviews": [
    "This table is solid and very well made. Its gift a beautiful warm color and finish. We couldn't be happier with this purchase. I would buy again from Furniture of America...very pleased."
  ], 
  "link": "http://www.overstock.com/Home-Garden/Furniture-of-America-Tobiath-Rustic-Dark-Oak-Dining-Table/9938147/product.html?recset=7684d749-5bb6-4d78-acdb-65913782f774&refccid=OU6O2ZCDQ5N35P2HTEI5R3NMYM&recalg=828,512&recidx=6", 
  "img_url": [
    "http://ak1.ostkcdn.com/images/products/9938147/Furniture-of-America-Tobiath-Rustic-Dark-Oak-Dining-Table-64ce2f98-0df0-4cfe-b181-21674b09f2db_600.jpg"
  ], 
  "description": "Bring the beauty of nature into your home with the rustic Tobiath dining table from Furniture of America. This rustic beauty features a plank style top for added country charm, while the natural wood-like texture brings out the beauty of the oak finish.Set includes one dining table finished in dark oakConstructed of solid wood and veneers for durabilityOffers a rustic inspired style with unique base designFeatures plank style tabletop to add country charm to the look of the tableOffers a natural wood-like texture to accentuate the dark oak finishEasily seats up to six people around the wide table topMatching dining chairs are sold separatelyAll dimensions are approximate and are 31\"H x 78\"W x 39\"DStyleCountry, Farmhouse, Rustic, TransitionalMaterialVeneer, WoodFinishWeathered, Wood FinishShapeRectangleAssemblyAssembly Required"
}