{
  "name": "Furniture_of_America_Modern_Marzipan_Leatherette_Platform_Daybed_with_Trundle", 
  "price": "EUR 648.68", 
  "reviews": [
    "A bit shiny all in white, but it looks excellent as a guest room addition"
  ], 
  "link": "http://www.overstock.com/Home-Garden/Furniture-of-America-Modern-Marzipan-Leatherette-Platform-Daybed-with-Trundle/9251854/product.html?recset=3039c409-e7d5-4d20-a591-bfc16f12641f&refccid=KYWHLMCCC672VTCGGYSCC6DGUI&recalg=828,512&recidx=19", 
  "img_url": [
    "http://ak1.ostkcdn.com/images/products/9251854/Furniture-of-America-Modern-Marzipan-Leatherette-Platform-Daybed-with-Trundle-deda5acd-6a69-4753-9a8c-ad41cb600a72_600.jpg"
  ], 
  "description": "Upgrade the style and functionality of your guest room or bedroom with this platform daybed from Furniture of America. Featuring a simple box design and clean lines, this daybed meshes well with contemporary decor, and the faux leather upholstery gives a sleek and sophisticated look.Set includes one daybed and one trundle from the Marzipan collectionMade from solid wood, veneers, faux leather and metalYour choice of black or white upholstery to match your decorFaux leather upholstery with foam fill for comfortClean and simple box-like design gives a modern lookSleek leatherette upholstery along every side for a finished lookStitching accents add visual interestTwin trundle easily pulls out, and smooth carpet casters protect your floorIncluded slat kit provides a stable base for the mattressAll dimensions are approximateOverall dimensions are 34.5\"H x 43\"W x 84.38\"DStyleTraditionalMaterialFaux Leather, WoodFinishBlack Finish, White FinishBed StyleDaybedAssemblyAssembly RequiredColorBlack, WhiteFurniture PatternSolid"
}