{
  "name": "Furniture_of_America_Montelle_Dark_Oak_Dining_Table", 
  "price": "EUR 614.03", 
  "reviews": [
    "failed to get review"
  ], 
  "link": "http://www.overstock.com/Home-Garden/Furniture-of-America-Montelle-Dark-Oak-Dining-Table/9924716/product.html?recset=d71b0c8a-f7c8-4013-8dac-c8ad026e9e74&refccid=WVGEHGGKNASJFT2HG54THJBZXI&recalg=828,512&recidx=10", 
  "img_url": [
    "http://ak1.ostkcdn.com/images/products/9924716/Furniture-of-America-Montelle-Dark-Oak-Dining-Table-f86ae338-d199-4440-8c1b-44759ef99dca_600.jpg"
  ], 
  "description": "Warm country appeal is right at your fingertips as the Montelle Dining Table offers ample space and stylish design. The farmhouse style base features industrial detailing with the metal supports, while the wide plank style table offers plenty of room for parties.\rSet includes: One (1) dining tableMaterials: Solid wood, metal and veneerFinish: Dark oakWide, plank style tabletop with metal stud accents/li>\rComfortably seats six (6) with the spacious designAngled leg structure with added industrial wire detailingBold legs add to the farmhouse style visualDark oak finish accentuates the solid wood and veneer constructionMatching dining chairs sold separatelyAll dimensions are approximateTable dimensions: 30 inches high x 66 inches wide x 36 inches deepStyleCountry, Farmhouse, Rustic, Southwestern, TransitionalMaterialVeneer, WoodFinishBrown Finish, Oak FinishShapeRectangleAssemblyAssembly Required"
}