{
  "name": "Furniture_of_America_Clarks_Farmhouse_Style_Dining_Chair_(Set_of_2)", 
  "price": "EUR 327.48", 
  "reviews": [
    "chairs go great with farmhouse table and bench, all match great, and blend super with hardwood floors", 
    "Love the table and chair set"
  ], 
  "link": "http://www.overstock.com/Home-Garden/Furniture-of-America-Clarks-Farmhouse-Style-Dining-Chair-Set-of-2/9786971/product.html?recset=de846019-f390-439c-819f-ec8fdafe4a0f&refccid=L573N63F73IISGKHF2SMC6RQXI&recalg=828,512&recidx=0", 
  "img_url": [
    "http://ak1.ostkcdn.com/images/products/9786971/Furniture-of-America-Clarks-Farmhouse-Style-Dining-Chair-Set-of-2-cf2b615b-36e7-4f8d-8f0d-a098012fd63f_600.jpg"
  ], 
  "description": "Create a rustic feel in your dining room or eat-in kitchen with these wood dining chairs full of country charm. Built from solid wood and wood veneer for remarkable strength and durability, these farmhouse-style dining chairs fit nicely in rustic or country decor. The wide slat backs of these chairs support your body as you sit, and the dark oak finish blends seamlessly with other wood furniture in your room.\nSet includes: Two (2) chairsMaterials: Solid wood, wood veneerFinish: Dark oakSeat dimensions: 18.5 inches high x 19 inches deepDimensions: 40.75 inches high x 18.25 inches wide x 24 inches deepStyleCountry, Rustic, Southwestern, TraditionalMaterialVeneer, WoodChair TypeDining ChairsSet SizeSet of 2AssemblyAssembly RequiredChair Back HeightStandardColorBrownFurniture PatternSolid"
}