{
  "name": "Furniture_of_America_Oskarre_Brown_Cherry_Round_Dining_Table", 
  "price": "EUR 911.13", 
  "reviews": [
    "This table is Elegant as described, it is truly Beautiful. It arrived with a few dings which made me sad but I could not send it back so I will live with them.", 
    "recommend AAAAAAA+++++++", 
    "Beautiful table. Looks perfect in my kitchen. Craftsmanship is great. The price is excellent for this table. I have gotten so many compliments on it.", 
    "All the item has got four star great products", 
    "Substance is this table. Beautiful wood and can seat 6-8 if using smaller chairs. Beautiful!!", 
    "I love the style and look of this table it is heavy duty and well made it seems it will last a very long time. I recommend it as a formal dining table its that nice. \ud83d\udc4d\ud83c\udffc"
  ], 
  "link": "http://www.overstock.com/Home-Garden/Furniture-of-America-Oskarre-Brown-Cherry-Round-Dining-Table/9937897/product.html?recset=1d3c6c00-fbad-4a8e-935e-20230c74affc&refccid=DSSEC3XK5VJI3S2NODRPPPZ4XM&recalg=828,512&recidx=19", 
  "img_url": [
    "http://ak1.ostkcdn.com/images/products/9937897/Furniture-of-America-Oskarre-Brown-Cherry-Round-Dining-Table-281061dd-e9ca-481d-bfc9-25c63b45d798_600.jpg"
  ], 
  "description": "Make this round dining table from Furniture of America the centerpiece of your dining room. With a carved rope edge and intricate pedestal base, this table is the perfect way to add elegance to your traditional dining room. The rich brown cherry finish brings out the beauty of the wood and enhances the intricate carvings.Set includes one round dining tableMade from solid wood and wood veneersBrown cherry finish enriches the beauty of the woodRope-like border enhances the edge of the tableElegantly designed pedestal base with intricate carvings and bold feetConstructed from solid wood for durabilityTable measures approximately 30\"H x 60\"DiaStyleTraditionalMaterialVeneer, WoodFinishBrown Finish, Cherry FinishShapeRoundAssemblyAssembly Required"
}