{
  "name": "Grace_Flower_Patterned_Fabric_Accent_Chair", 
  "price": "EUR 126.15", 
  "reviews": [
    "failed to get review"
  ], 
  "link": "http://www.overstock.com/Home-Garden/Grace-Flower-Patterned-Fabric-Accent-Chair/11206572/product.html?recset=2c3cae50-c967-4bc8-ae33-f236aa883551&refccid=SOXV5PDN6RWL64SE3W5SVUJQRU&recalg=828,512&recidx=1", 
  "img_url": [
    "http://ak1.ostkcdn.com/images/products/11206572/Grace-Flower-Patterned-Fabric-Accent-Chair-804222c6-e568-4885-b961-189da29735ae_600.jpg"
  ], 
  "description": "Add style and comfort to your home with this flower accent chair. This chair is has no arms and features a fun and stylish floral print. The black legs contrast the colorful seat and back.StyleContemporary, ModernMaterialFabric, Foam, WoodChair TypeAccent Chairs, Club Chairs, Dining ChairsAssemblyAssembly RequiredChair Back HeightStandardColorBlue, Brown, Grey, Orange, PurpleFurniture PatternSolid"
}