{
  "name": "Grain_Wood_Furniture_Valerie_Solid_Wood_Bench", 
  "price": "EUR 179.76", 
  "reviews": [
    "I bought two benches to match our table and it looks lovely! Recommend!", 
    "the bench goes good with the table", 
    "I was a little disappointed that there was so much white mixed. It works, but if you don't want a lot of white reconsider.", 
    "Great quality wood. Easy to put together, unbelievable price. My suggestion is go for it!", 
    "Again, great quality. Easy to assemble. Looks great with table, great for kids, entertaining. Color is beautiful.", 
    "This is very cute, love the look of it. There are some imperfections but it adds to the charm."
  ], 
  "link": "http://www.overstock.com/Home-Garden/Grain-Wood-Furniture-Valerie-Solid-Wood-Bench/10949279/product.html?recset=edce2bfd-19be-491a-9011-c53d653e48bf&refccid=XF66VFXDSCELOVKECQOIV427LU&recalg=828,512&recidx=3", 
  "img_url": [
    "http://ak1.ostkcdn.com/images/products/10949279/Grain-Wood-Furniture-Valerie-Solid-Wood-Bench-5172bd87-361a-4aa1-84a8-389a82cf276d_600.jpg"
  ], 
  "description": "Constructed of solid pint, this Bench features a beautiful\ntraditional design. The rustic and distressed finish provides a\nunique vintage look that you will be sure to love. Seats 2 people.Includes: One (1) benchDimensions: 18 inches high x 13 inches wide x 49 inches\n  longFurniture Pattern: SolidProduct Features: Eco-FriendlyChair Type: BenchesStyle: Casual, Country, Rustic, Southwestern, Traditional,\n  Transitional, VintageMaterial: Pine, WoodAssembly: Assembly RequiredSet Size: SingleChair Back Height: BacklessExact Color: Grey, Off White, BrownColor: White, Black, Grey, Cream, Beige, Off-White,\n  BrownStyleCasual, Country, Rustic, Southwestern, Traditional, Transitional, VintageMaterialPine, WoodChair TypeBenchesSet SizeSingleAssemblyAssembly RequiredChair Back HeightBacklessColorBeige, Black, Brown, Cream, Grey, Off-White, WhiteFurniture PatternSolid"
}