{
  "name": "Greyson_Living_Chester_96-Inch_Dining_Table", 
  "price": "EUR 807.87", 
  "reviews": [
    "failed to get review"
  ], 
  "link": "http://www.overstock.com/Home-Garden/Greyson-Living-Chester-96-Inch-Dining-Table/10809415/product.html?recset=80737136-2034-4b14-8bc4-39bbe86371b8&refccid=MFN7YVQSGTVK3H2IEJK3BHN4YM&recalg=828,512&recidx=14", 
  "img_url": [
    "http://ak1.ostkcdn.com/images/products/10809415/Greyson-Living-Chester-96-Inch-Dining-Table-49a89588-e1a7-46ff-9025-1046d9e8ff92_600.jpg"
  ], 
  "description": "The rustic style of the Chester dining table offers a unique style with its saw-horse inspired base. Finished in distressed warm espresso, the dining table comes with two 12-inch leaves that expand the length of the table to a gracious 96 inches.\nMaterial: Hardwood Solids, VeneersFinish:  Distressed, Warm EspressoIncludes (1) tableRustic, distressed warm espresso finishUnique modern style saw-horse inspired baseTwo 12-inch leaves expand the table to 96-inches in lengthRemovable leaves must be stored separately when not in useSturdy corner block construction for lasting durabilityComfortably seats sixTable Dimensions: 30 inches high x 42 inches wide x 72-96 inches deep (with two 12-inch leaves)Shape: RectangleFurniture Room: Dining Room, KitchenMaterial: Wood, VeneerStyle: Casual, Rustic, TransitionalAssembly: Assembly RequiredExact Color: EspressoFinish: Distressed, Espresso FinishStyleCasual, Rustic, TransitionalMaterialVeneer, WoodFinishDistressed, Espresso FinishShapeRectangleAssemblyAssembly RequiredSeats Up To8"
}