{
  "name": "Grey_Curl_Nailhead_Upholstered_Headboard", 
  "price": "EUR 119.68", 
  "reviews": [
    "got this as a x-mas present for my daughter who wanted to make her room more grown up...she loved it and it looks awesome in her room, good quality and elegant....she is so happy. Thanks."
  ], 
  "link": "http://www.overstock.com/Home-Garden/Grey-Curl-Nailhead-Upholstered-Headboard/9688209/product.html?recset=eb9b0a73-d2f2-444b-8ce4-2c3f64db486c&refccid=JK2NPAOOYZ3I6MKALSKTJLUF74&recalg=828,512&recidx=15", 
  "img_url": [
    "http://ak1.ostkcdn.com/images/products/9688209/Grey-Curl-Nailhead-Upholstered-Headboard-ffbdf80b-9ce0-4497-8f10-eb46ac8ff521_600.jpg"
  ], 
  "description": "Wavy lines and a welcoming design make the Curl headboard series a\nselection of elegance. Upholstered in fine linen with a fashionable\nnail button trim, Curl shows off the best of modern design with a\nfluid style that speaks volumes. Made from particleboard with solid\nwood poles, Curl makes it easy to curl up to while pleasantly\nsupported by this perfect centerpiece for your bedroom. Contemporary headboardFashionable curve designNail button trimFine linen upholsteringParticleboard and solid wood frameSet includes: One (1) Curl HeadboardMaterials: Frame: CARB Particleboard, Solid WoodFabric Material: LinenUpholstery color: GreyTwin dimensions: 3.5 inches thick x 40 inches wide x 51.5\n  inches tallFull dimensions: 3.5 inches thick x 57 inches wide x 51.5\n  inches tallStyleContemporary, ModernMaterialLinen, WoodTypeUpholsteredFinishGrey FinishAssemblyAssembly RequiredColorGreyFurniture PatternSolid"
}