{
  "name": "Greyson_Living_Hampton_Dark_Brown_Cherry_62-inch_Round_Dining_Table", 
  "price": "EUR 644.34", 
  "reviews": [
    "I LOVE this table. It can fit 9 chairs around it. It's very sturdy,it's exactly what I wanted. I've gotten so many compliment's. Buy it!", 
    "gorgeous finish on the table top. lots of space under to put your chairs. really beautiful. dark wood", 
    "Very nice table. Looks great in my dining room. I put different color parsons chairs around it and it really looks great. This can fit 4 to 6 chairs. I like that it's big enough without a leaf . I wanted round not oval. Looks high quality. The only assemble is putting on legs, not a big deal.", 
    "Love the table. Very sturdy", 
    "Exactly the style of table I was looking for my dining area. The color was perfect to match the bakers's rack. Good quality.", 
    "I have been looking forever for a round table that was big enough to seat more than four people and that wouldn't break the bank. This was it!! Very affordable and just beautiful table all around."
  ], 
  "link": "http://www.overstock.com/Home-Garden/Greyson-Living-Hampton-Dark-Brown-Cherry-62-inch-Round-Dining-Table/9396653/product.html?recset=37179e50-34b3-4aa0-83ab-d79201dd9150&refccid=3LRPA7JKEKXYT5SBQ4O7FTFBIQ&recalg=828,512&recidx=19", 
  "img_url": [
    "http://ak1.ostkcdn.com/images/products/9396653/Hampton-62-inch-Round-Dining-Table-8bc28fbe-4f48-4905-b15d-709e60cb4d86_600.jpg"
  ], 
  "description": "Dine in with the beautiful Hampton dark-brown cherry 62-inch\ndiameter dining table by Grayson Living. This contemporary round\ndining table seats up to six people, perfect for family dinner or\nentertaining guests. The sturdy, long-lasting design of this\ndark-brown round dining table is clean and simple and will\ncomplement your home or loft. Material: Hardwood, Birch Veneers, and MDFFinish: Dark Brown CherryIncludes (1) tableDark brown cherry finishSunburst pattern on table topWide designer apron adds styleLeg pedestal with criss-cross stretchers offers added\n  strength and stabilityOpen grain, birch veneers on table topComfortably seats up to six peopleDimensions: 30 inches high x 62 inches wide x 62 inches\n  deepStyleContemporary, Modern, Transitional, UrbanMaterialVeneer, WoodFinishCherry FinishShapeRoundAssemblyAssembly RequiredColorBrownSeats Up To6"
}