{
  "name": "Harris_Cherry-finished_Pedestal_Dining_Table", 
  "price": "EUR 1087.27", 
  "reviews": [
    "failed to get review"
  ], 
  "link": "http://www.overstock.com/Home-Garden/Harris-Cherry-finished-Pedestal-Dining-Table/9086581/product.html?recset=a72f5607-cf20-41a3-a9f5-b44e3d696a3b&refccid=USOGQM4Z2QOYGR2EN33R4OLZRA&recalg=828,512&recidx=15", 
  "img_url": [
    "http://ak1.ostkcdn.com/images/products/9086581/Harris-Dining-Table-41185565-bf9e-4115-a98d-43a4e8a9070d_600.jpg"
  ], 
  "description": "This beautiful cherry-finished pedestal dining table will be a lovely addition to your semi-formal dining room. The smooth table top features a convenient leaf so the length can be extended allowing you to easily accommodate guests. The collection is made from poplar solids and cherry veneers.\nSingle pedestal baseSmooth table top featuring 20 inch leafRich deep cherry finishSet includes: One (1) dining tableMaterials: Poplar solids and cherry veneersFinish: Rich deep cherryWeight: 175 poundsDimensions: 54-74 inches long x 54 inches wide x 30 inches highStyleTraditionalMaterialVeneer, WoodFinishCherry FinishShapeOvalAssemblyAssembly RequiredColorBrown"
}