{
  "name": "HomePop_Parson_Dining_Chair_(Set_of_2)_", 
  "price": "EUR 185.17", 
  "reviews": [
    "failed to get review"
  ], 
  "link": "http://www.overstock.com/Home-Garden/HomePop-Parson-Dining-Chair-Set-of-2/9751992/product.html?recset=5065fc47-d070-48c3-94d0-44333334f652&refccid=5NYNIZSMD7H3SW2KT6ARHCPQ3Y&recalg=828,512&recidx=3", 
  "img_url": [
    "http://ak1.ostkcdn.com/images/products/9751992/HomePop-Parson-Dining-Chair-Set-of-2-3ef72c0c-0b9b-4901-82d0-d3e3dfea6fd1_600.jpg"
  ], 
  "description": "This dining chair set by HomePop features a Cream and warm grey chevron design on fabric upholstery seating. With 18.5 inch wide seat dimensions and measuring 38 inches high.Set includes: Two (2) dining chairsMaterials: Wood, fabricFinish: Midtone brownUpholstery color: Cream and warm grey chevronWeight: 250 poundsSeat dimensions: 18.5 inches wide x 17.5 inches deepDimensions: 19 inches wide x 23.5 inches deep x 38 inches highEasy care fabric: Spot cleanStyleTransitionalMaterialPoly Synthetic Fiber, WoodFinishWhite FinishChair TypeDining Chairs, Parson ChairsSet SizeSet of 2AssemblyAssembly RequiredChair Back HeightStandardColorGrey, WhiteFurniture PatternChevron"
}