{
  "name": "Iconic_Furniture_Cinnamon_Round_Dining_Table", 
  "price": "EUR 645.97", 
  "reviews": [
    "WOW, Very easy to put together--AND LOOKS GREAT!", 
    "Love the table But still have to get the chairs"
  ], 
  "link": "http://www.overstock.com/Home-Garden/Iconic-Furniture-Cinnamon-Round-Dining-Table/10123906/product.html?recset=37179e50-34b3-4aa0-83ab-d79201dd9150&refccid=3LRPA7JKEKXYT5SBQ4O7FTFBIQ&recalg=828,512&recidx=17", 
  "img_url": [
    "http://ak1.ostkcdn.com/images/products/10123906/Iconic-Furniture-Cinnamon-Round-Dining-Table-b0298448-2aaa-4381-bc5d-cc49c6365198_320.jpg"
  ], 
  "description": "This is a 42- inch long round table with a self storing extension that opens to 60- inch long shown all in a cinnamon finish.Table features an 18-inch butterfly leaf for easy storageTable is shown all in a cinnamon finishFeatured with a single pedestalFinish: Cinnamon FinishShape: RoundTable is from the cinnamon collection.Additional chairs (contemporary slatback) sold separately.Table dimensions: 42 inches wide x 42 inches long- opens with one leaf to 60 inches longFully extended table becomes an oval.StyleCasual, Country, Traditional, TransitionalMaterialRubberwoodFinishChestnut FinishShapeRoundAssemblyAssembly RequiredSeats Up To6"
}