{
  "name": "Idris_Solid_Wood_Dark_Sheesham_Shelving_Unit", 
  "price": "EUR 295.63", 
  "reviews": [
    "This is a beautiful sheesham wood piece. It's deep enough for some large books, but not too tall. We got it to match the curved sheesham desk. Definitely a conversation piece!", 
    "solid, open, beautiful wood"
  ], 
  "link": "http://www.overstock.com/Home-Garden/Idris-Solid-Wood-Dark-Sheesham-Shelving-Unit/10335927/product.html?recset=de846019-f390-439c-819f-ec8fdafe4a0f&refccid=L573N63F73IISGKHF2SMC6RQXI&recalg=828,512&recidx=14", 
  "img_url": [
    "http://ak1.ostkcdn.com/images/products/10335927/Idris-Solid-Wood-Dark-Sheesham-Shelving-Unit-2c9a4492-1bd2-49f4-833a-4fd740ed8940_600.jpg"
  ], 
  "description": "The \"stacked boxes\" design adds an element of fun. The clean-line design combined with the raw look of the wood grain create a perfect example of rustic modern design. The compact size makes it easy to combine several pieces together and create the perfect look for your space. Experience piece-of-mind knowing that this table is made with \"green\" materials.\nClassic, hand-crafted design makes each piece unique, Naturally occurring Sheesham wood characteristics and grain patternsStaggered shelves provide plenty of storage or display space, Eco-friendly solid wood materials sourced from sustainable, managed plantationsVersatile unit is finished on all sides and can be placed upright, lying down or side-by-side with another pieceSet includes: One (1) shelving unitMaterials: Solid WoodFinish: Dark SheeshamUpholstery color: Dark SheeshamDimensions: 47.25 Inches High x 12 Inches Wide x 21.5 Inches Long Shelf Type: Media Cabinets, Storage, Display, BookshelvesMaterial: WoodStyle: ContemporaryAssembly: Assembly RequiredFinish: Brown FinishColor: BrownStyleContemporaryMaterialWoodFinishBrown FinishShelf TypeBookshelves, Display, Media Cabinets, StorageAssemblyAssembly RequiredColorBrown"
}