{
  "name": "INSPIRE_Q_Fletcher_Linen_Nailhead_Arch_Curved_Full-sized_Headboard_", 
  "price": "EUR 324.87", 
  "reviews": [
    "failed to get review"
  ], 
  "link": "http://www.overstock.com/Home-Garden/INSPIRE-Q-Fletcher-Linen-Nailhead-Arch-Curved-Full-sized-Headboard/10454611/product.html?recset=ff020176-31d1-4b0b-abf5-5f6504481c28&refccid=QLOTCR77AQMJGMKEIK5W6CXZS4&recalg=828,512&recidx=17", 
  "img_url": [
    "http://ak1.ostkcdn.com/images/products/10454611/INSPIRE-Q-Fletcher-Linen-Nailhead-Arch-Curved-Full-sized-Headboard-3b6250d9-8d49-4be1-b986-2ea4dd7bb222_600.jpg"
  ], 
  "description": "This collection brings in high-arching curves are defined by nickel nailheads trimming, adding the elegance looks and class to this furniture pieces \rSet includes: One (1) headboard onlyMaterials: Poplar wood frameUpholstery materials: LinenUpholstery color option: Gray, beige Upholstery fill: Polyurethane foamHigh Arching curvesNailheads trimmingLeg height: 4 inchesOverall headboard dimensions: 52.75 inches high x 59 inches wide x 5 inches deep Furniture Pattern: SolidFurniture Room: BedroomType: Upholstered, PaddedProduct Features: Includes HardwareStyle: Contemporary, ModernMaterial: Wood, LinenAssembly: Assembly RequiredFinish: Espresso FinishColor: Grey, BeigeSize: FullStyleContemporary, ModernMaterialLinen, WoodTypePadded, UpholsteredFinishEspresso FinishAssemblyAssembly RequiredColorBeige, GreyFurniture PatternSolidProduct FeaturesIncludes Hardware"
}