{
  "name": "INSPIRE_Q_Catherine_Grey_Chevron_Bench", 
  "price": "EUR 193.95", 
  "reviews": [
    "Benches are now the 'it' thing for a formal dining room setting and I'm so elated that I chose this particular bench to decorate my first formal dining room area. I also chose to mix and match my furniture with different chairs (off white nailhead dining chairs) to compliment this bench and I couldn't have made a better selection. The bench is soft to the touch but firm in seating, which in my opinion is a great combination. You'll love the bench.", 
    "I have two matching wingback chairs and two solid wingback chairs and this bench makes a great addition visually and provide much0needed extra seating without being \"matchy-matchy.\" Wish the cushion was a bit firmer though.", 
    "Modern, elegant, very good quality bench. Sturdy, easy to install. I paired this bench with the Grey Chevron dining chairs and they look very good around any table. The shipping is free and they delivered it in front of the door for me even though it's the 3rd floor but there is an elevator.", 
    "Love the look of this bench. So easy to put together and fits with my table perfect. Very happy with it!", 
    "Very pleased with my purchase.the fabric looks and feels great.", 
    "I was not sure if this bench would match my already gray theme. Its perfect. The pattern has a light gray look to it and its very plush. The bench is very comfortable. We used it extensively thru the holidays. A great addition to your home, indeed.", 
    "Using this bench in our dining room. It arrived quick and was easy to assemble. I wish the wood was darker, looked darker in the images online, but in person it seems lighter. Great height and perfect for the dining room table.", 
    "Simple to assemble. Strong and sturdy. Very comfortable. Perfect match to the Parsons Chairs I purchased.", 
    "The bench is very nice and the zig zag fabric was nicer than in the picture! I only disappointment was that it was a little to long to tuck under the table. Nice construction.", 
    "Works great for a large group and love the contemporary look. Very sturdy.", 
    "it looks good and perfect for small space kitchen.", 
    "I've had this bench for less than one year. The center beam broken and I've been trying to screw it back. It's horrible!", 
    "great look and great price. Was very pleased with this purchase", 
    "Love this bench. It adds an elegant touch of texture and color.", 
    "Really nice bench. Shipping was fast and bench was really easy to put together! I was worried about the quality of this item, but was pleasantly surprised as it is well crafted, and the cushion is beautiful and full.", 
    "It is sooo perfect. Easy assembly, very very pretty and fits into my contemporary dining area especially my stainless steel Trumbull dining table, by Inspire Q also. Compliments galore! Chevron print is so pretty I ordered a different Chevron storage bench to match. Love it!", 
    "This bench was perfect when it can. We love it", 
    "Love this new addition to my dining room table.", 
    "We wanted a bench to allow more walk space in our eat in kitchen, so we chose 4 chairs and this bench. Love the look of the bench and it is a space saver, however We did not measure the bench and ASSUMED it would fit under the table. This did not happen sadly. But with a few rearrangements we were able to position the bench in a place that works for us. So be sure to measure to determine if bench will fit under your table, if that is where you intent to place it. Other than that mishap, we love it!", 
    "Great value looks expensive fabric is great", 
    "I really love this bench. It feels super sturdy and is comfortable. It coordinates perfectly with the inspire q chairs in the same gray chevron print. Feels like a great value in terms of construction, finish, comfort and cost.", 
    "I love this set. Looks expensive and stylish; I bought the chairs to go along with it and I get so many compliments about my beautiful dining room!", 
    "Looks great although not sure it'll sistain everyday use.", 
    "Love this bench. Very sturdy. Simple to assemble.", 
    "Love this accent bench. I have it sitting in front of a large picture window. Light grey/cream cheveron print. Subtle so it won't date. Lots of compliments.", 
    "I was looking for a bench just this height and length for my dining room table. It was totally easy to assemble and looks great!", 
    "The fabric on the bench and chairs are not what the photo lends you to believe. The fabric is a poor density and the colors are more silver and off white. The pictures of the chairs and other accompanying pieces are not reflective of the inexpensive quality and over all look. I should have listened to other reviews and not purchased them. I am so disappointed with that I'm sending them all back. First time I've ever returned an item.", 
    "I truly love this bench!!! I have gotten numerous complements on this bench and it was very easy to assemble."
  ], 
  "link": "http://www.overstock.com/Home-Garden/INSPIRE-Q-Catherine-Grey-Chevron-Bench/8547450/product.html?recset=f5c5241b-8082-4915-87bb-c72db07bff5e&refccid=LWSYNXVIKMQ3IK2HDPVQYAPJRY&recalg=828,512&recidx=11", 
  "img_url": [
    "http://ak1.ostkcdn.com/images/products/8547450/INSPIRE-Q-Chelsea-Grey-Chevron-Bench-3fd3e72b-ed1d-4bad-8b33-8832979b8840_600.jpg"
  ], 
  "description": "Our stylish Catherine bench collection is the perfect accent piece to brighten any room in your home. The deeply padded seating with modernized upholstery has a rich espresso finish. This versatile bench is perfect for the hallway, dinning room, living room, or at the end of your bed. Add this graceful bench to your home decor for easily portable extra seating wherever you need it most. The stylish grey zigzag pattern is eye-catching, and the tapered espresso wood legs blend in with most furnishings. The dense foam upholstery provides comfort for long dinner parties or propping up your feet to relax after a long day.Includes: One (1) benchMaterials: Wood, fabricFinish: EspressoUpholstery color: Tonal shades of grey and ivoryUpholstery fill: FoamSeat height: 20 inchesDimensions: 20 inches high x 52 inches long x 16 inches wideSeat foam density: 25Cushion thickness: 3.5 inchesStyleContemporary, ModernMaterialWoodChair TypeBenchesAssemblyAssembly RequiredColorBeige, Brown, Grey, Off-White, SilverFurniture PatternStripedGallery RoomBotanica Brunch"
}