{
  "name": "INSPIRE_Q_Torrington_Linen_Nailhead_Track_Arm_L-Shaped_Configurable_Chaise_Sectional", 
  "price": "EUR 1570.27", 
  "reviews": [
    "failed to get review"
  ], 
  "link": "http://www.overstock.com/Home-Garden/INSPIRE-Q-Torrington-Linen-Nailhead-Track-Arm-L-Shaped-Configurable-Chaise-Sectional/11353525/product.html?recset=b6fded2f-0fec-4d8f-be49-b62de6c38348&refccid=W5C5TBUELUGIED2JQ36GEV3LW4&recalg=828,512&recidx=14", 
  "img_url": [
    "http://ak1.ostkcdn.com/images/products/11353525/INSPIRE-Q-Torrington-Linen-Nailhead-Track-Arm-L-Shaped-Configurable-Chaise-Sectional-9b96aad4-a310-490b-99b1-b935d304c57c_600.jpg"
  ], 
  "description": "Update the look of your home with ease with this Torrington collection. Traditional sophistication is lent to the piece, styled with a high back, track arms and nail head detailing. Covered in a white linen, the sectional is the perfect addition to your home.\n\nThe dark espresso wood finish gives the piece a classic finishing touch which makes it perfect for your transitional living room or den. Adorn this sectional with several multicolored throw pillows to inject more visual depth and drama to the overall look of the sectional.\u00a0StyleCasual, Contemporary, ModernMaterialFabric, Linen, MDF, WoodTypeLoveseatAssemblyAssembly RequiredColorWhiteFurniture PatternSolid"
}