{
  "name": "Intercon_Pasadena_Revival_Solid_Oak_Mission_Trestle_Table", 
  "price": "EUR 1106.22", 
  "reviews": [
    "Very happy with my purchase"
  ], 
  "link": "http://www.overstock.com/Home-Garden/Intercon-Pasadena-Revival-Solid-Oak-Mission-Trestle-Table/9286746/product.html?recset=7684d749-5bb6-4d78-acdb-65913782f774&refccid=OU6O2ZCDQ5N35P2HTEI5R3NMYM&recalg=828,512&recidx=16", 
  "img_url": [
    "http://ak1.ostkcdn.com/images/products/9286746/Intercon-Pasadena-Revival-Solid-Oak-Mission-Trestle-Table-92723741-37dd-44e2-b30a-ad60c6b76cbe_600.jpg"
  ], 
  "description": "This solid oak table comfortably seats ten people to accommodate busy homes in simple elegance. The trestle and five piece drawer construction with English dovetail details and mission style slats displays a charming design that's ideal for any decor. \n\nMetal guide system allows table to open and close easilySet includes: One (1) trestle table and baseMaterials: Solid oakFinish: Durable lacquer finishTable dimensions: 76-106 inches long x 42 inches wide x 30 inches highStyleMission, RusticMaterialOakFinishOak FinishShapeRectangleAssemblyAssembly RequiredColorOak"
}