{
  "name": "Kosas_Home_Scotto_Dining_Table", 
  "price": "EUR 994.14", 
  "reviews": [
    "failed to get review"
  ], 
  "link": "http://www.overstock.com/Home-Garden/Kosas-Home-Scotto-Dining-Table/11037328/product.html?recset=4629dfd4-ced6-41ae-a0b6-d8b77ea4d974&refccid=J7FSPBHDSPJ3UESL3OWDHHR4RA&recalg=828,512&recidx=16", 
  "img_url": [
    "http://ak1.ostkcdn.com/images/products/11037328/Kosas-Home-Scotto-Dining-Table-ea5d0edb-a97c-47f6-9706-19cfaa1a4ee4_600.jpg"
  ], 
  "description": "The Kosas Home Scotto Dining Table combines rustic design with a modern flair.\ufffd\ufffdMade from Sheesham wood, the Scotto Dining Table is strong enough to handle everyday use yet elegant enough for a formal dinner party.\ufffd\ufffdThis rectangular table provides any dining area with a spacious arrangement for\ufffd\ufffddining and entertaining. This rustic and simple design only highlights the natural grain of the wood and allows the table to be the focal piece in any room. The handcrafted nature of this product may produce minor differences with color and or shade. Subtle variations may occur from piece to piece and may not appear exactly as pictured, adding to its unique qualities.\r\nShape: RectangleFurniture Room: Dining Room, KitchenMaterial: WoodStyle: Casual, Contemporary, Modern, Rustic, Traditional, Transitional, Vintage, Country, Farmhouse, SouthwesternAssembly: Assembly RequiredExact Color: TaupeFinish: Beige Finish, Natural FinishDimensions: 70 inches wide x 36 inches deep x 30 inches highStyleCasual, Contemporary, Country, Farmhouse, Modern, Rustic, Southwestern, Traditional, Transitional, VintageMaterialWoodFinishBeige Finish, Natural FinishShapeRectangleAssemblyAssembly Required"
}