{
  "name": "Kosas_Home_60-inch_Denso_Round_Wood_Dining_Table", 
  "price": "EUR 1427.86", 
  "reviews": [
    "failed to get review"
  ], 
  "link": "http://www.overstock.com/Home-Garden/Kosas-Home-60-inch-Denso-Round-Wood-Dining-Table/9552589/product.html?recset=1d3c6c00-fbad-4a8e-935e-20230c74affc&refccid=DSSEC3XK5VJI3S2NODRPPPZ4XM&recalg=828,512&recidx=2", 
  "img_url": [
    "http://ak1.ostkcdn.com/images/products/9552589/Denso-Round-Dining-Table-60-inches-7124dd4f-168d-404d-b07e-7ef49d75b79e_600.jpg"
  ], 
  "description": "Inspired by classic American furniture, this unique hand made white wash finished dining table with beautifully carved legs is the perfect centerpiece to any stylish kitchen or dining room.  Materials: Mango woodFinish: Waterbased white washDimensions: 30 inches high x 60 inches wide x 60 inches long StyleContemporary, Country, Farmhouse, Mission, Modern, Rustic, Southwestern, Traditional, TransitionalMaterialWoodShapeRoundAssemblyAssembly RequiredColorOff-White"
}