{
  "name": "Kosas_Home_Kosas_Collection_Rockie_Pine_Wood_Side_Chair", 
  "price": "EUR 194.92", 
  "reviews": [
    "Was very happy with purchase of these chairs. They are made very well and look great!! Was asked by two people where I found them. Should get the table tomorrow from shipper. Can't wait!!!!!!!"
  ], 
  "link": "http://www.overstock.com/Home-Garden/Kosas-Home-Kosas-Collection-Rockie-Pine-Wood-Side-Chair/10363564/product.html?recset=de846019-f390-439c-819f-ec8fdafe4a0f&refccid=L573N63F73IISGKHF2SMC6RQXI&recalg=828,512&recidx=8", 
  "img_url": [
    "http://ak1.ostkcdn.com/images/products/10363564/Kosas-Collection-Rockie-Pine-Wood-Side-Chair-fe7c2e84-b678-448f-9ad0-f555d8f7dfec_600.jpg"
  ], 
  "description": "This rustic and contemporary dining chair features a natural pine construction. Carved detailing along the base complements the casual look.Set includes: One (1) side chairFinish: Lime wash brown Dimensions: 43 inches high x 22 inches wide x 19 inches deepFurniture Room: Bar, Bedroom, Dining Room, Hall, Kitchen, BathroomFurniture Pattern: SolidChair Type: Dining ChairsStyle: Casual, Contemporary, Country, Mission, Modern, Rustic, Southwestern, Traditional, Transitional, Urban, VintageMaterial: PineAssembly: AssembledSet Size: SingleChair Back Height: StandardColor: BrownStyleCasual, Contemporary, Country, Mission, Modern, Rustic, Southwestern, Traditional, Transitional, Urban, VintageMaterialPineChair TypeDining ChairsSet SizeSingleAssemblyAssembledChair Back HeightStandardColorBrownFurniture PatternSolid"
}