{
  "name": "Kosas_Home_Abignale_Round_Dining_Table", 
  "price": "EUR 1000.10", 
  "reviews": [
    "failed to get review"
  ], 
  "link": "http://www.overstock.com/Home-Garden/Kosas-Home-Abignale-Round-Dining-Table/10184556/product.html?recset=1d3c6c00-fbad-4a8e-935e-20230c74affc&refccid=DSSEC3XK5VJI3S2NODRPPPZ4XM&recalg=828,512&recidx=5", 
  "img_url": [
    "http://ak1.ostkcdn.com/images/products/10184556/Abignale-Round-Dining-Table-58fc7bad-b0d1-4abb-8349-ed7b08abbf1f_600.jpg"
  ], 
  "description": "This rustic and contemporary dining room table features a natural pine construction. Carved detailing along the base complements the casual look.Set includes: One (1) Dining tableMaterials: PineFinish: NaturalDimensions: 30 inches high x 42 inches wide x 42 inches deepShape: RoundFurniture Room: Dining Room, KitchenStyle: Casual, Contemporary, Farmhouse, Mission,  modern, Rustic, Southwestern, Traditional, Transitional, Urban, VintageMaterial: PineAssembly: Assembly RequiredFinish: Cream FinishStyleCasual, Contemporary, Farmhouse, Mission, Modern, Rustic, Southwestern, Traditional, Transitional, Urban, VintageMaterialPineFinishCream FinishShapeRoundAssemblyAssembly Required"
}