{
  "name": "Kosas_Home_Kasey_94\"_Dining_Table", 
  "price": "EUR 1321.19", 
  "reviews": [
    "failed to get review"
  ], 
  "link": "http://www.overstock.com/Home-Garden/Kosas-Home-Kasey-94-Dining-Table/11342892/product.html?recset=4629dfd4-ced6-41ae-a0b6-d8b77ea4d974&refccid=J7FSPBHDSPJ3UESL3OWDHHR4RA&recalg=828,512&recidx=8", 
  "img_url": [
    "http://ak1.ostkcdn.com/images/products/11342892/Kosas-Home-Kasey-94-Dining-Table-1b6ef397-fb33-4f23-b448-3c100d79a1e0_600.jpg"
  ], 
  "description": "Rustic and grand, the Kosas Home Kasey 94\u201d Dining Table brings classical elegance to any space. Constructed from natural reclaimed pine, this table is strong and durable enough for everyday use yet unique enough for any formal or special occasion.\u00a0The handcrafted nature of this product may produce minor differences with color and or shade. Subtle variations may occur from piece to piece and may not appear exactly as pictured, adding to its unique qualities. Perfect with the complete Kosas Home Kasey Dining Collection or on its own.\u00a0This classic table design allows the reclaimed pine to be highlighted with\u00a0exposing the knots and natural imperfections of the wood that make each piece unique and subtly one of a kind.  The soft and natural tones of the wood allow for a variety of d\u00e9cors, colors, and styles. This functional piece of art combines design and social responsibility into one beautiful collection.\u00a0StyleContemporary, Country, Modern, Rustic, Shabby Chic, Southwestern, Traditional, Transitional, VintageMaterialPine, WoodFinishDistressed, Hand Waxed, Natural Finish, Reclaimed, WeatheredShapeRectangleAssemblyAssembly RequiredSeats Up To8"
}