{
  "name": "Kosas_Home_Audrey_Acacia_Wood_Side_Chair", 
  "price": "EUR 172.51", 
  "reviews": [
    "failed to get review"
  ], 
  "link": "http://www.overstock.com/Home-Garden/Kosas-Home-Audrey-Acacia-Wood-Side-Chair/9813608/product.html?recset=d71b0c8a-f7c8-4013-8dac-c8ad026e9e74&refccid=WVGEHGGKNASJFT2HG54THJBZXI&recalg=828,512&recidx=17", 
  "img_url": [
    "http://ak1.ostkcdn.com/images/products/9813608/Kosas-Home-Audrey-Acacia-Wood-Side-Chair-ccd6fa02-180e-42a4-bec4-256380841eda_600.jpg"
  ], 
  "description": "This charming and rustic acacia wood chair features a criss-cross\nback with dark wood stain finish. Adds a subtle rustic look to any\ncontemporary living or dining room decor. Seat is 18 inches high. Quantity: One (1) side chairMaterials: Acacia woodDimensions: 35 inches high x 19 inches wide x 22 inches\n  deepSeat Height: 18 inches highSeat dimension 19 inches wide x 22 inches longStyleCountry, Mission, Modern, Rustic, Southwestern, Traditional, Transitional, Urban, VintageMaterialAcaciaChair TypeDesk Chairs, Dining ChairsSet SizeSingleAssemblyAssembledChair Back HeightStandardColorBrown"
}