{
  "name": "LYKE_Home_Opal_Reversible_Taupe_Sectional", 
  "price": "EUR 1505.29", 
  "reviews": [
    "failed to get review"
  ], 
  "link": "http://www.overstock.com/Home-Garden/LYKE-Home-Opal-Reversible-Taupe-Sectional/11383964/product.html?recset=3eda1498-4c53-46c4-9d67-760606281a12&refccid=E22SHHQLOSDI7ESJYSUYJDCTDY&recalg=828,512&recidx=11", 
  "img_url": [
    "http://ak1.ostkcdn.com/images/products/11383964/LYKE-Home-Opal-Reversible-Taupe-Sectional-2085afbd-f3c9-4133-8222-8d5f7b168e65_600.jpg"
  ], 
  "description": "If you want to transform your living room or seating area to create an oasis of relaxing style and comfort, you'll find the Opal sectional the right choice for your home. This sectional also includes coordinating throw pillows in complimentary colors and patterns to pull together this contemporary and inviting look.\u00a0Sleek modern styling and attractive design elements make this Opal reversible sectional seating from LYKE Home a great way to add comfort and appeal to\u00a0your living room or den. Quality craftsmanship in every detail ensures comfort and durability. Sectional design incorporates interesting details such as ultra-plush cushioning and studded trim.\u00a0StyleModernMaterialMicrofiberTypeSectional SofaAssemblyAssembly RequiredColorTaupeFurniture PatternSolid"
}