{
  "name": "Madison_Park_Lucy_High_Back_Wing_Chair--YellowGrey", 
  "price": "EUR 297.26", 
  "reviews": [
    "failed to get review"
  ], 
  "link": "http://www.overstock.com/Home-Garden/Madison-Park-Lucy-High-Back-Wing-Chair-Yellow-Grey/11375429/product.html?recset=6c4992ad-3e7f-4f11-bc32-71483409937c&refccid=63FQHEI6GEMIYVSKP7PCV4V4PQ&recalg=828,512&recidx=0", 
  "img_url": [
    "http://ak1.ostkcdn.com/images/products/11375429/Madison-Park-Lucy-High-Back-Wing-Chair-Yellow-Grey-f8df8e31-7e0e-4623-b5d8-e823bbd6e7f3_600.jpg"
  ], 
  "description": "Add this stylish piece to your decorating mix as an updated accent wing chair with curved arms and double row nail head trim. Furniture Pattern: PrintChair Type: Accent ChairsMaterial: Foam, Polyester, WoodStyle: ContemporaryAssembly: Assembly RequiredChair Back Height: High BackExact Color: YellowColor: MultiSet includes: One chairFinish: Black noirCushion: High density foamAdditional features: Individually placed, double row silver nail headsWeight capacity: 250lbsSeat width: 27.5 inchesSeat depth: 21 inchesFloor to seat height: 19.25 inchesCare instructions: Spot cleanDimensions: 27.75 inches wide x 29.5 inches deep x 42.5 inches highStyleContemporaryMaterialFoam, Polyester, WoodChair TypeAccent ChairsAssemblyAssembly RequiredChair Back HeightHigh BackColorMultiFurniture PatternPrint"
}