{
  "name": "Madison_Open_Base_Distressed_Acacia_Wood_Dining_Set", 
  "price": "EUR 1829.91", 
  "reviews": [
    "failed to get review"
  ], 
  "link": "http://www.overstock.com/Home-Garden/Madison-Open-Base-Distressed-Acacia-Wood-Dining-Set/10469395/product.html?recset=56f1d6d9-12b9-48f7-b376-43b9c23cbe62&refccid=L7ZZS7AANREJGXSIBOEUZAAACQ&recalg=828,512&recidx=5", 
  "img_url": [
    "http://ak1.ostkcdn.com/images/products/10469395/Madison-Open-Base-Distressed-Acacia-Wood-Dining-Set-aac8551d-4c38-4de8-a1d0-44d087d22248_600.jpg"
  ], 
  "description": "Traditional dining style looks as timely as ever in the madison distressed acacia wood dining set. Costructed from premium solid wood for sturdy durbility and a natural reclaimed look. The bold table and bench have a unique open shaped base that adds a clean style to this dining set. Ladder back chairs come with soft fabric upholstery for supreme comfort. Table dimensions: 30 inches High x 39 inches Wide x 77.75 inches LongChair dimensions: 38.25 inches High x 18 inches Wide x 24 inches DeepSeat dimensions: 19 inches High x 18 inches Wide x 15.75 inches DeepBench dimensions: 18 inches High x 16 inches Wide x 75.75 inches LongStyleModern, Nautical, Rustic, TraditionalMaterialAcacia, Microfiber, WoodFinishBrushed, Distressed, Natural FinishShapeRectangleAssemblyAssembly RequiredColorNaturalFurniture PatternSolid"
}