{
  "name": "Magnussen_Karlin_Bluestone_Top_Wood_Round_Dining_Table", 
  "price": "EUR 1174.99", 
  "reviews": [
    "failed to get review"
  ], 
  "link": "http://www.overstock.com/Home-Garden/Magnussen-Karlin-Bluestone-Top-Wood-Round-Dining-Table/9664996/product.html?recset=37179e50-34b3-4aa0-83ab-d79201dd9150&refccid=3LRPA7JKEKXYT5SBQ4O7FTFBIQ&recalg=828,512&recidx=9", 
  "img_url": [
    "http://ak1.ostkcdn.com/images/products/9664996/Magnussen-Karlin-Bluestone-Top-Wood-Round-Dining-Table-605d6cfc-817d-4db5-a980-9860a8f432a8_600.jpg"
  ], 
  "description": "This beautiful table utilizes a bluestone top that adds classy style to your home. With its rustic and classic feel you will look forward to dining on it every night.\r\nMulti-step finish processModel: D2471-23Setting: IndoorMaterials: Hardwood solids with acacia veneer, glass and pewter hardwareColors/finish: Dry grey acaciaDimensions: 30 inches high x 54 inches wide x 54 inches longStyleTraditionalMaterialWoodFinishWood FinishShapeRoundAssemblyAssembly Required"
}