{
  "name": "Melia_Tufted_Linen_Side_Chair_(Set_of_2)", 
  "price": "EUR 301.59", 
  "reviews": [
    "This is a great buy! It looks very classy and the price is great!"
  ], 
  "link": "http://www.overstock.com/Home-Garden/Melia-Tufted-Linen-Side-Chair-Set-of-2/11391246/product.html?recset=436fc4e7-127f-4e9b-bf3f-df0111274873&refccid=JXPSUCHGY3RYC5SJHTURGYSAS4&recalg=828,512&recidx=18", 
  "img_url": [
    "http://ak1.ostkcdn.com/images/products/11391246/MELIA-TUFTED-LINEN-SIDE-CHAIR-BOX-OF-2-d4f73151-9e67-4b44-be10-2c3e11fabc7b_600.jpg"
  ], 
  "description": "All-around stylish, the Melia Side Chair features a cushioned seat and back with rolled detail on the back and textured upholstery. These side chairs are sure to complement any decor style with their gorgeous grey upholstery and vintage, washed oak finish on the legs.Elegant, comfortable design, solid rubberwood legs in a vintage oak finishPlush spring and foam seatTextured upholstery with button tufted seat back, approximate weight capacity is 260 poundsSet includes: Two (2) side chairsFinish: Washed oakUpholstery color: Beige or greyDimensions: 19 inches long x 28 inches wide x 39.5 inches highMaterial: FabricAssembly: Assembly requiredChair type: Side chairsStyle: ContemporaryColor: Grey, beigeStyleContemporaryMaterialFabricChair TypeSide ChairsSet SizeSet of 2AssemblyAssembly RequiredColorBeige, Grey"
}