{
  "name": "Mexico_Dining_Table", 
  "price": "EUR 346.53", 
  "reviews": [
    "failed to get review"
  ], 
  "link": "http://www.overstock.com/Home-Garden/Mexico-Dining-Table/11468465/product.html?recset=d86d5667-3ab8-4e1d-b1a6-1d849a8d3656&refccid=R2OY6TZN2V22V6CNLYRJULENWE&recalg=828,512&recidx=10", 
  "img_url": [
    "http://ak1.ostkcdn.com/images/products/11468465/Mexico-Dining-Table-85a61423-f5c6-4a1b-9a24-5dedb887ebc8_600.jpg"
  ], 
  "description": "Made of solid wood, this Mexico Dining Table is offered in a tan and a white finish to complement your interior decor perfectly. With a\u00a0classic south western style,\u00a0this practical dining table offers a timeless and cozy piece of furniture for\u00a0your home.StyleCountry, SouthwesternMaterialWoodFinishNatural Finish, White FinishShapeRectangleAssemblyAssembly RequiredSeats Up To8"
}