{
  "name": "Monastery_Solid_Dark_Planed_Knotty_Oak_Dinette_Table", 
  "price": "EUR 1093.55", 
  "reviews": [
    "failed to get review"
  ], 
  "link": "http://www.overstock.com/Home-Garden/Monastery-Solid-Dark-Planed-Knotty-Oak-Dinette-Table/9064843/product.html?recset=7684d749-5bb6-4d78-acdb-65913782f774&refccid=OU6O2ZCDQ5N35P2HTEI5R3NMYM&recalg=828,512&recidx=15", 
  "img_url": [
    "http://ak1.ostkcdn.com/images/products/9064843/Monastery-Solid-Dark-Planed-Knotty-Oak-Dinette-Table-2c66caa3-5062-4945-ba70-e8c1dce29db8_600.jpg"
  ], 
  "description": "The Monastery dinette table is made from solid oak and finished in dark planed oak. This table offers two 18-inch leaves to add extra length when necessary.\nSet includes: One (1) dinette table with two 18-inch end leavesMaterials: Solid knotty oak\nFinish: Durable lacquer finishDimensions: 30 inches high x 42 inches wide x 64 to 100 inches deepStyleCountry, Farmhouse, TraditionalMaterialOakFinishOak FinishShapeRectangleAssemblyAssembly RequiredColorBrown"
}