{
  "name": "Mongolia_Mango_Wood_Dining_Table", 
  "price": "EUR 1218.30", 
  "reviews": [
    "failed to get review"
  ], 
  "link": "http://www.overstock.com/Home-Garden/Mongolia-Mango-Wood-Dining-Table/11069697/product.html?recset=edce2bfd-19be-491a-9011-c53d653e48bf&refccid=XF66VFXDSCELOVKECQOIV427LU&recalg=828,512&recidx=10", 
  "img_url": [
    "http://ak1.ostkcdn.com/images/products/11069697/Mongolia-Mango-Wood-Dining-Table-d6c3f0c3-397a-4c16-bc79-5433e9c1f1db_600.jpg"
  ], 
  "description": "Complement a farmhouse kitchen with the rustic charm of this beautiful Mongolia dining table. Boasting gorgeous wood and iron construction, this table features a rectangular tabletop with iron detailing. The iron base is accentuated with wood, to reinforce the mixed material appeal of this industrial table design. This dining table is a smashing success in both rustic and modern industrial interior design.Shape: RectangleFurniture Room: Dining Room, KitchenMaterial: Wood, Cast Iron, Iron, MetalStyle: Rustic, Farmhouse, Vintage, Country, UrbanAssembly: Assembly RequiredExact Color: BrownFinish: Hand Waxed, Weathered, Wood Finish, Natural FinishStyleCountry, Farmhouse, Industrial, Rustic, Urban, VintageMaterialCast Iron, Iron, Metal, WoodFinishHand Waxed, Natural Finish, Weathered, Wood FinishShapeRectangleAssemblyAssembly Required"
}