{
  "name": "Multi_Onyx_16-inch_Lazy_Susan", 
  "price": "EUR 122.36", 
  "reviews": [
    "Top quality, absolutely beautiful. Shipped quickly and well packaged."
  ], 
  "link": "http://www.overstock.com/Home-Garden/Multi-Onyx-16-inch-Lazy-Susan/10473542/product.html?recset=a72f5607-cf20-41a3-a9f5-b44e3d696a3b&refccid=USOGQM4Z2QOYGR2EN33R4OLZRA&recalg=828,512&recidx=4", 
  "img_url": [
    "http://ak1.ostkcdn.com/images/products/10473542/Multi-Onyx-16-inch-Lazy-Susan-3206a3a9-255c-4318-b9d0-fdff00051f23_600.jpg"
  ], 
  "description": "This 16-inch round lazy susan is practicle and useful. It will\nenchance your dining table as it has been crafted from exotic multi\nonyx. This piece is sure add attractive appeal to your kitchen or\ndining room decor. Type: Lazy SusanMaterial: StonewareColor: BrownMaterialStonewareTypeLazy SusanColorBrown"
}