{
  "name": "Paradise_Sectional_Collection", 
  "price": "EUR 1745.70", 
  "reviews": [
    "The couch was shipped on 11/20 and I hadn't received it as of 1/8. It arrived in Tempe to a wharehouse, but was never checked in, so sat there for 2 months. The material was little too cheap looking, and the color was more of a lighter blue than a gray.", 
    "It's a most comfortable couch, the fabric is velvet and the assembly wasn't bad, the only thing is the waiting time to receive its too long. For the price it's a best to buy."
  ], 
  "link": "http://www.overstock.com/Home-Garden/Paradise-Sectional-Collection/10234325/product.html?recset=3eda1498-4c53-46c4-9d67-760606281a12&refccid=E22SHHQLOSDI7ESJYSUYJDCTDY&recalg=828,512&recidx=3", 
  "img_url": [
    "http://ak1.ostkcdn.com/images/products/10234325/Paradise-Sectional-Collection-53a1b8c8-741a-41e6-8661-bf3b0b2cae3a_600.jpg"
  ], 
  "description": "This sectional sofa that incorporates a chaise lounge is reversible to give you all the versatility you need in arranging your living room. With enough comfortable seating for your entire family, this sectional sofa creates a calming and classic vibe, and it comes with accent pillows to finish the look. Use the ottoman for extra seating, or place a beautiful tray on it to use it as a coffee table.\nSet includes: Reversible sectional, accent pillows, storage ottomanMaterials: Velvet upholstery, foam, springs, solid woodFinish: Chocolate velvet, blue-grey velvet, solid wood, individually placed nailheadsUpholstery materials: Velvet Upholstery color: Chocolate or blue-grey Upholstery fill: Foam, springs, microfiber fill, wood Reversible set-up, ottomanAccent pillows includedRemovable seat cushions and backSeat dimensions: 20 inches deep x 20.5 inches highSectional dimensions: 109.5 inches long x 85 inches wide x 35 inches high Ottoman: 37 inches long x 26 inches width x 20 inches highFurniture pattern: SolidProduct features: Ottoman includedMaterial: Cotton, foam, velvet, woodStyle: Contemporary, transitional, traditionalAssembly: Assembly requiredExact color: Grey, chocolateColor: Grey, brownFurniture Pattern: SolidProduct Features: Ottoman IncludedMaterial: Cotton, Foam, Velvet, WoodStyle: Contemporary, Transitional, TraditionalAssembly: Assembly RequiredExact Color: Grey, ChocolateColor: Grey, BrownStyleContemporary, Traditional, TransitionalMaterialCotton, Foam, Velvet, WoodAssemblyAssembly RequiredColorBrown, GreyFurniture PatternSolidProduct FeaturesOttoman Included"
}