{
  "name": "Pedro_Mango_Wood_Dining_Table", 
  "price": "EUR 994.13", 
  "reviews": [
    "failed to get review"
  ], 
  "link": "http://www.overstock.com/Home-Garden/Pedro-Mango-Wood-Dining-Table/11071574/product.html?recset=8912c5cd-88c6-4c82-84e6-c0f8b56dcd97&refccid=BDND45VI3VD3IPSAC35MDCHYN4&recalg=828,512&recidx=16", 
  "img_url": [
    "http://ak1.ostkcdn.com/images/products/11071574/Pedro-Mango-Wood-Dining-Table-9dd466be-f559-46cb-89e3-8f51078f02a8_600.jpg"
  ], 
  "description": "Gorgeous vintage coloring creates an exceptional look for this farmhouse-style Pedro dining table. Made from exotic reclaimed and recycled hard woods, this table is an attention-grabbing centerpiece for refined rustic design. Offering a rugged aesthetic, block corners complement clean lines. This table features a waxed finish that delivers a light sheen and brings out the unique detailed of the wood.Shape: RectangleFurniture Room: Dining Room, KitchenMaterial: WoodStyle: Rustic, Farmhouse, Vintage, Country, UrbanAssembly: Assembly RequiredExact Color: MultiFinish: Reclaimed, Hand Waxed, Weathered, Wood FinishStyleCountry, Farmhouse, Rustic, Urban, VintageMaterialWoodFinishHand Waxed, Reclaimed, Weathered, Wood FinishShapeRectangleAssemblyAssembly RequiredSeats Up To8"
}