{
  "name": "Portfolio_Hana_Barley_Tan_Trellis_Wingback_Chair_and_Ottoman_Set", 
  "price": "EUR 433.17", 
  "reviews": [
    "Because I have an acid reflux disorder, I can no longer lie down on the couch after meals. So this chair is a comfortable way to watch television or read in the evenings. And I love the way it looks!", 
    "Like the chair though I thought the back would be higher. For the price,it is a nice chair though."
  ], 
  "link": "http://www.overstock.com/Home-Garden/Portfolio-Hana-Barley-Tan-Trellis-Wingback-Chair-and-Ottoman-Set/10634484/product.html?recset=08151292-e7bc-4ff3-b0b6-7f4c93112dc1&refccid=AD5P3RGF2HAIAZ2HPMZ2CDFKTI&recalg=828,512&recidx=19", 
  "img_url": [
    "http://ak1.ostkcdn.com/images/products/10634484/Portfolio-Hana-Barley-Tan-Trellis-Wingback-Chair-and-Ottoman-Set-5ff58e31-dc96-4d52-a44c-6cdd8a6b8bed_600.jpg"
  ], 
  "description": "The Portfolio Home Furnishings Hana chair and ottoman set features upholstery in a durable barley tan and white trellis pattern fabric. Update your home decor with the elegance and luxury of this rounded arm transitional wingback chair and ottoman.\rFurniture Pattern: GeometricProduct Features: Ottoman IncludedChair Type: Arm Chairs, Accent Chairs, Chair & Ottoman Sets, Wingback ChairsStyle: TransitionalMaterial: Polyester BlendAssembly: Assembly RequiredChair Back Height: High BackColor: White, TanStyleTransitionalMaterialPolyester BlendChair TypeAccent Chairs, Arm Chairs, Chair & Ottoman Sets, Wingback ChairsAssemblyAssembly RequiredChair Back HeightHigh BackColorTan, WhiteFurniture PatternGeometricProduct FeaturesOttoman Included"
}