{
  "name": "Porter_Urban_52-inch_Sustainable_Sheesham_Dining_Table_with_24-inch_Butterfly_Extension_(India)", 
  "price": "EUR 730.98", 
  "reviews": [
    "failed to get review"
  ], 
  "link": "http://www.overstock.com/Worldstock-Fair-Trade/Porter-Urban-52-inch-Sustainable-Sheesham-Dining-Table-with-24-inch-Butterfly-Extension-India/11325348/product.html?recset=8912c5cd-88c6-4c82-84e6-c0f8b56dcd97&refccid=BDND45VI3VD3IPSAC35MDCHYN4&recalg=828,512&recidx=8", 
  "img_url": [
    "http://ak1.ostkcdn.com/images/products/11325348/Porter-Urban-52-inch-Sustainable-Sheesham-Dining-Table-with-24-inch-Butterfly-Extension-a046e59b-e2da-4d76-90c7-e6b465b2c508_600.jpg"
  ], 
  "description": "Talented\n  artisans in India created this beautiful dining table for your home,\n  providing you with a unique piece that tells a story. Offering beauty and\n  flexibility, this table measures 52 inches long by 40 inches wide with a\n  24-inch leaf and cable driven glides, making it perfect for the modern dining\n  environment. Only premium sheesham pieces were used to create a beautiful,\n  consistent grain and finish. Sheesham is a sustainably harvested wood grown\n  on government plantations in India. This beautiful, exotic hardwood features\n  a distinctive grain and color which means every piece is one-of-kind. This\n  piece is handmade using old world techniques and legally sourced wood. Worldstock Country: IndiaShape:\n  RectangleFurniture Room: Dining Room, Kitchen,\n  BarMaterial: WoodStyle: Farmhouse,\n  Rustic, ContemporaryAssembly: Assembly\n  RequiredExact Color: BrownFinish:\n  Natural FinishColor: Tan, BrownStyleContemporary, Farmhouse, RusticMaterialWoodFinishNatural FinishWorldstock CountryIndiaShapeRectangleAssemblyAssembly RequiredColorBrown, Tan"
}