{
  "name": "Porter_Urban_Sheesham_Dining_Chair_(India)", 
  "price": "EUR 238.24", 
  "reviews": [
    "failed to get review"
  ], 
  "link": "http://www.overstock.com/Worldstock-Fair-Trade/Porter-Urban-Sheesham-Dining-Chair-India/11047635/product.html?recset=63ebade0-caff-48e8-a160-770738d8cb0f&refccid=IS37IHZBEHGI3PSEJY3WUGDIYM&recalg=828,512&recidx=16", 
  "img_url": [
    "http://ak1.ostkcdn.com/images/products/11047635/Porter-Urban-Sheesham-Dining-Chair-India-bc308fb3-7d79-4bac-9676-b5ee919ed6f6_600.jpg"
  ], 
  "description": "Made with solid woods and veneers by artisans in India, this Urban Sheesham Dining Chair brings beauty and flexibility to your home. A consistent grain and finish creates a beautiful piece. Sheesham is a sustainably harvested wood grown on government plantations in India. This beautiful exotic hardwood features a distinctive grain and color which means every piece is one-of-kind. All our sheesham wood furniture is handmade by artisans using old world techniques, using legally sourced wood.Worldstock Country: IndiaChair Type: Dining Chairs, Side ChairsMaterial: WoodStyle: Contemporary, Rustic, CasualSet Size: SingleChair Back Height: StandardExact Color: CappuccinoColor: Tan, BrownDimensions: 36 inches high x 18 inches wide x 22 in. DStyleContemporary, Modern, RusticMaterialWoodChair TypeDining Chairs, Side ChairsWorldstock CountryIndiaSet SizeSingleAssemblyAssembledChair Back HeightStandardColorBrown, Tan"
}