{
  "name": "Porter_Taos_Solid_Sustainable_Sheesham_Ladder_Back_Side_Chair", 
  "price": "EUR 238.24", 
  "reviews": [
    "failed to get review"
  ], 
  "link": "http://www.overstock.com/Worldstock-Fair-Trade/Porter-Taos-Solid-Sustainable-Sheesham-Ladder-Back-Side-Chair/11079603/product.html?recset=de846019-f390-439c-819f-ec8fdafe4a0f&refccid=L573N63F73IISGKHF2SMC6RQXI&recalg=828,512&recidx=7", 
  "img_url": [
    "http://ak1.ostkcdn.com/images/products/11079603/Tahoe-Solid-Sheesham-Side-Chair-8a760024-fb2b-4a74-a564-2194ecdc738e_600.jpg"
  ], 
  "description": "From the foothills of the mighty Himalayas comes our Taos collection. Steeped the ancient techniques and quality craftsmanship of the Indus Valley Civilization, each piece is hand crafted from solid wood and then carefully hand joined. Unique graining and color are natures signature on this solid wood collection. Each imperfection makes the piece unique, and brings with it the joy in owning a true one-of-a-kind piece. Made of solid Sheesham/ Indian Rosewood.Worldstock Country: IndiaStyle: ContemporaryColor: Tan, Beige, BrownMaterial: WoodChair Back Height: StandardDimensions: 18.5 inches deep x 21 inches wide x 41.5 inches highStyleContemporary, RusticMaterialWoodChair TypeDesk Chairs, Dining Chairs, Side ChairsWorldstock CountryIndiaSet SizeSingleAssemblyAssembledChair Back HeightStandardColorBeige, Brown, Tan"
}