{
  "name": "Porter_Taos_Solid_Sheesham_54-inch_Round_Dining_Table_(India)", 
  "price": "EUR 1404.58", 
  "reviews": [
    "failed to get review"
  ], 
  "link": "http://www.overstock.com/Worldstock-Fair-Trade/Porter-Taos-Solid-Sheesham-54-inch-Round-Dining-Table-India/10814129/product.html?recset=63ebade0-caff-48e8-a160-770738d8cb0f&refccid=IS37IHZBEHGI3PSEJY3WUGDIYM&recalg=828,512&recidx=7", 
  "img_url": [
    "http://ak1.ostkcdn.com/images/products/10814129/Tahoe-Solid-Sheesham-and-Indian-Rosewood-Round-54-inch-Dining-Table-India-db94c5ec-ea60-4492-871b-44cb906da855_600.jpg"
  ], 
  "description": "Constructed with solid Sheesham, the Taos 54-inch round dining table is individually handcrafted and carefully hand-joined. Hand-carved detailing of the unique grained wood adds character and beauty to each piece. Slight imperfections and variations in wood grain, paint or finish application may be expected and contribute to the unique one-of-a-kind nature of this remarkable table. Sheesham is a sustainably harvested wood grown on government plantations in India. This beautiful exotic hardwood features a distinctive grain and color which means every piece is one-of-kind. All our sheesham wood furniture is handmade by artisans using old world techniques, using legally sourced wood.Worldstock Country: IndiaType: Dining TablesMaterial: Sustainable Solid Sheesham WoodStyle: Rustic, ContemporaryAssembly: Assembly Required - Base and Top AttachmentFinish: NaturalColor: Tan, Beige, BrownDimensions: 54 inches round x 31 inches highWeight: 232 lbsStyleContemporary, Country, Farmhouse, Rustic, TransitionalMaterialWoodTypeDining TablesFinishNatural FinishWorldstock CountryIndiaShapeRoundAssemblyAssembly RequiredColorBeige, Brown, Tan"
}