{
  "name": "Portfolio_Dana_Orange_Medallion_Arm_Chair_", 
  "price": "EUR 257.19", 
  "reviews": [
    "failed to get review"
  ], 
  "link": "http://www.overstock.com/Home-Garden/Portfolio-Dana-Orange-Medallion-Arm-Chair/11404892/product.html?recset=1f3cf96b-cbb9-426f-8d5b-766044480995&refccid=EPDVSCSS6HXKM32H3WNOVUZTZ4&recalg=828,512&recidx=15", 
  "img_url": [
    "http://ak1.ostkcdn.com/images/products/11404892/Portfolio-Dana-Orange-Medallion-Arm-Chair-d29864fe-1333-4ae3-9449-0ba0a2d32b54_600.jpg"
  ], 
  "description": "The Portfolio Dana chair is covered in a contemporary orange and cream medallion fabric.  The transitional styled chair features rounded arms, ultimate comfort and easy assembly.\nPart of the Portfolio Furniture CollectionIdeal for small space livingAttached box seat cushionNo tools locking system for easy assembly - just click and slide togetherDark espresso all wood legs for design and strengthOur efficient product and package design allows us to use less fossil fuel throughout the entire supply chain than standard, set-up furniture usesMaterials: Polyester blend fabric, HardwoodFinish: Dark espressoUpholstery color: Orange and cream medallionUpholstery fill: Plush foam, fiber and independently wrapped pocket coil spring systemSeat dimensions: 19.5 inches high x 22 inches wide x 20 inches deep sofaChair dimensions: 35.5 inches high x 34 inches wide x 31 inches deepArm height: 25 inches highStyleTransitionalMaterialPolyester BlendChair TypeAccent Chairs, Arm Chairs, Club ChairsAssemblyAssembly RequiredChair Back HeightStandardColorCream, OrangeFurniture PatternMedallion"
}