{
  "name": "Reclaimed_Whitewash_Dining_Table", 
  "price": "EUR 1988.29", 
  "reviews": [
    "failed to get review"
  ], 
  "link": "http://www.overstock.com/Worldstock-Fair-Trade/Reclaimed-Whitewash-Dining-Table/10792355/product.html?recset=1d3c6c00-fbad-4a8e-935e-20230c74affc&refccid=DSSEC3XK5VJI3S2NODRPPPZ4XM&recalg=828,512&recidx=8", 
  "img_url": [
    "http://ak1.ostkcdn.com/images/products/10792355/Reclaimed-Whitewash-Dining-Table-586a1f19-e747-48e8-a759-d2a09cd7bab2_600.jpg"
  ], 
  "description": "\"Crafted of Mango wood, this 60 inch dining table has a raw, white wash finish that is created through hand sandblasting the wood. The beautiful white wash finish gives an illusion of marble which only adds to the classic sophistication of the shape of this piece.Solid Reclaimed WoodSanded and Finished with Clear Sealer and WaxSeats eight (8) people comfortablySet includes: One (1) Dining TableMaterials: Reclaimed Mango WoodFinish: DistressedUpholstery color: N/AUpholstery fill: N/ASeat dimensions: N/ADimensions: 60 inches long x 60 inches wide x 30 inches highWorldstock Country: IndiaShape: RoundFurniture Room: Dining RoomMaterial: WoodStyle: Contemporary, Modern, Rustic, TransitionalAssembly: Assembly RequiredExact Color: WhiteFinish: Distressed, White FinishColor: WhiteStyleContemporary, Modern, Rustic, TransitionalMaterialWoodFinishDistressed, White FinishWorldstock CountryIndiaShapeRoundAssemblyAssembly RequiredColorWhite"
}