{
  "name": "Republic_Design_House_Peyton_Ivory_Tufted_Upholstered_Headboard-Bench_Collection", 
  "price": "EUR 215.51", 
  "reviews": [
    "failed to get review"
  ], 
  "link": "http://www.overstock.com/Home-Garden/Republic-Design-House-Peyton-Ivory-Tufted-Upholstered-Headboard-Bench-Collection/11460100/product.html?recset=0033ba65-6466-4b07-bdbb-5908a477f947&refccid=YOWH5SWMM26YN2CFP4G5MAXVE4&recalg=828,512&recidx=10", 
  "img_url": [
    "http://ak1.ostkcdn.com/images/products/11460100/Republic-Design-House-Peyton-Ivory-Tufted-Upholstered-Headboard-Bench-Collection-1dcedb00-b785-44e5-9d83-ccc664aae5a9_600.jpg"
  ], 
  "description": "The Peyton Headboard and Bench\u00a0Set in ivory has a button tufted design that allows you to create an elegant and timeless look for your bedroom. The Archer\u00a0headboard is thickly padded, tightly upholstered, detailed with deep button tufts, and has elegantly silhouetted wings. Complementing the headboard is a matching matching tufted flat bench upholstered in 100-percent Polyester. The firm, yet comfortable cushioned bench is bordered in a 3/8-inch cording. Both items create stylish additions that tie any bedroom together and work well with a variety of bedding styles letting your decorator style flourish. Comes in Full/Queen headboard, King/California King headboard and bench. Choose the Headboard you desire and add the bench to complete your desired look.\u00a0Fabric: Polyester3/8 inch Cording TrimExtra Thick CushioningSturdy ConstructionEbony Finished LegsStyle: ContemporaryColor: Cream. IvoryBed Frame Required: YesUpholstery Material: PolyesterCleaning: Spot clean onlyDeep Button TuftingExtra Thick HeadboardSturdy ConstructionFabric Covered Legs60 inch Headboard Height3.5-inch Thick Headboard WingsDimensions: 52 inches wide x 17 inches deep x 19 inches highWeight: 29 poundsStyleContemporary, ModernMaterialPolyester Blend, Steel, WoodTypePadded, Tufted, UpholsteredFinishCream FinishAssemblyAssembly RequiredColorCreamFurniture PatternSolidProduct FeaturesIncludes Hardware"
}