{
  "name": "Republic_Design_House_Archer_Grey_Tufted_Upholstered_Headboard-Bench_Collection", 
  "price": "EUR 215.51", 
  "reviews": [
    "failed to get review"
  ], 
  "link": "http://www.overstock.com/Home-Garden/Republic-Design-House-Archer-Grey-Tufted-Upholstered-Headboard-Bench-Collection/11460025/product.html?recset=eb9b0a73-d2f2-444b-8ce4-2c3f64db486c&refccid=JK2NPAOOYZ3I6MKALSKTJLUF74&recalg=828,512&recidx=19", 
  "img_url": [
    "http://ak1.ostkcdn.com/images/products/11460025/Republic-Design-House-Archer-Grey-Tufted-Upholdtered-Headboard-Bench-Collection-3d1b6eae-84e0-430d-b442-45077128ab2c_600.jpg"
  ], 
  "description": "The Archer Headboard and Bench Set in Grey has a button tufted design that allows you to create an elegant, yet comfortable, look for your bedroom.  The Archer headboard is thickly padded, tightly upholstered, detailed with deep button tufts, and has elegantly silhouetted wings.  \nComplementing the headboard is a matching 52-inch bench upholstered in 100-percent Polyester. The firm, yet comfortable cushioned bench is bordered in a 3/8-inch cording. Both items create stylish additions that tie any bedroom together and work well with a variety of bedding styles letting your decorator style flourish. Comes in Full/Queen headboard, King/California King headboard and bench.\nChoose the Headboard you desire and add the bench to complete your desired look.\u00a0Fabric: Polyester3/8 inch Cording TrimExtra Thick CushioningMatching Headboard AvailableSturdy ConstructionEbony Finished LegsStyle: ContemporaryColor: GreyBed Frame Required: YesUpholstery Material: PolyesterCleaning: Spot clean onlyDeep Button TuftingExtra Thick HeadboardSturdy ConstructionFabric Covered Legs60 inch Headboard Height3.5-inch Thick Headboard WingsDimensions: 52 inches wide x 17 inches deep x 19 inches highWeight: 29 poundsStyleContemporary, ModernMaterialPolyester Blend, Steel, WoodTypePadded, Tufted, UpholsteredFinishGrey FinishAssemblyAssembly RequiredColorGreyFurniture PatternSolidProduct FeaturesIncludes Hardware"
}