{
  "name": "Rowan_Rustic_Mission_Burnished_Oak_Table", 
  "price": "EUR 621.83", 
  "reviews": [
    "failed to get review"
  ], 
  "link": "http://www.overstock.com/Home-Garden/Rowan-Rustic-Mission-Burnished-Oak-Table/11069731/product.html?recset=edce2bfd-19be-491a-9011-c53d653e48bf&refccid=XF66VFXDSCELOVKECQOIV427LU&recalg=828,512&recidx=2", 
  "img_url": [
    "http://ak1.ostkcdn.com/images/products/11069731/Rowan-Rustic-Mission-Burnished-Oak-Table-e3f76b51-89f8-4296-9897-5df0f241fa3b_600.jpg"
  ], 
  "description": "Offering durable construction and welcoming design, The Rowan Collection features a solid wood table that is sure to make your dining room the new focal point of your home. This charming piece has an easy to match, versatile color that is compatible with a variety of color schemes and decor. The Rowan Rustic Mission Burnished Oak Table is an effortlessly elegant addition to any contemporary home.\u00a0StyleCountry, Mission, Rustic, Southwestern, TraditionalMaterialRubberwoodFinishOak FinishShapeRectangleAssemblyAssembly RequiredSeats Up To6"
}