{
  "name": "Rustic_Mango_Wood_Dining_Chair", 
  "price": "EUR 240.95", 
  "reviews": [
    "failed to get review"
  ], 
  "link": "http://www.overstock.com/Worldstock-Fair-Trade/Rustic-Mango-Wood-Dining-Chair/10792356/product.html?recset=de846019-f390-439c-819f-ec8fdafe4a0f&refccid=L573N63F73IISGKHF2SMC6RQXI&recalg=828,512&recidx=1", 
  "img_url": [
    "http://ak1.ostkcdn.com/images/products/10792356/Rustic-Mango-Wood-Dining-Table-ba1ead43-c067-4f54-a44d-c0c068970793_600.jpg"
  ], 
  "description": "Our eco friendly collection is inspired by a time when wood furniture was joined to perfection by carpenters and cabinet makers. Our artisans have managed to recreate this effect in each piece of the bench-built collection, which is crafted of recycled and reclaimed wood and hand-cast hardware.Set includes: One (1) Dining ChairSolid Mango WoodSanded and Finished with Clear Sealer and WaxLadder Back Style Dining ChairMaterials: Reclaimed Mango WoodFinish: DistressedUpholstery color: N/AUpholstery fill: N/ASeat dimensions: 18 inches long x 20 inches wide x 19 inches highDimensions (overall): 18 inches long x 20 inches wide x 41 inches highStyleContemporary, Modern, Rustic, TransitionalMaterialWoodChair TypeAccent Chairs, Dining ChairsWorldstock CountryIndiaSet SizeSingleAssemblyAssembledChair Back HeightHigh BackColorOff-WhiteFurniture PatternSolid"
}