{
  "name": "Rustic_Ladder_Back_Dining_Chair", 
  "price": "EUR 368.19", 
  "reviews": [
    "failed to get review"
  ], 
  "link": "http://www.overstock.com/Worldstock-Fair-Trade/Rustic-Ladder-Back-Dining-Chair/10352228/product.html?recset=de846019-f390-439c-819f-ec8fdafe4a0f&refccid=L573N63F73IISGKHF2SMC6RQXI&recalg=828,512&recidx=16", 
  "img_url": [
    "http://ak1.ostkcdn.com/images/products/10352228/Rustic-Ladder-Back-Dining-Chair-f975bf21-1d88-486d-8f15-6c5c9ac5ffc2_600.jpg"
  ], 
  "description": "Taking inspiration from the Southwest Coast of England, our Rustic Ladder Back Dining Chair is bench-build and hand finished. It is made of reclaimed and recycled wood. Finished in sundried ash and contrasted with antique stucco white, these chairs are rustic yet elegantly refined. Solid Reclaimed and Recycled Pine WoodEach Piece is unique and handcraftedEasy to cleanSet includes: One (1) Dining ChairMaterials: Reclaimed Pine Finish: Brown and Antique WhiteUpholstery color: N/AUpholstery fill: N/ASeat dimensions: N/ADimensions: 21 inches wide x 17 inches long x 39.75 inches highWorldstock Country: IndiaFurniture Pattern: SolidFurniture Room: Dining RoomGender: UnisexChair Type: Dining ChairsStyle: RusticMaterial: PineAssembly: AssembledSet Size: SingleChair Back Height: StandardExact Color: WhiteColor: White, BrownStyleRusticMaterialPineChair TypeDining ChairsGenderUnisexWorldstock CountryIndiaSet SizeSingleAssemblyAssembledChair Back HeightStandardColorBrown, WhiteFurniture PatternSolid"
}