{
  "name": "Safavieh_Corey_Antique_Copper_Coffee_Table", 
  "price": "EUR 462.95", 
  "reviews": [
    "failed to get review"
  ], 
  "link": "http://www.overstock.com/Home-Garden/Safavieh-Corey-Antique-Copper-Coffee-Table/11408270/product.html?recset=a72f5607-cf20-41a3-a9f5-b44e3d696a3b&refccid=USOGQM4Z2QOYGR2EN33R4OLZRA&recalg=828,512&recidx=9", 
  "img_url": [
    "http://ak1.ostkcdn.com/images/products/11408270/Safavieh-Corey-Antique-Copper-Coffee-Table-2f898357-5604-459b-a3d0-dc0a77640a21_600.jpg"
  ], 
  "description": "A vintage piece found one of London\u2019s premiere design galleries inspired this contemporary coffee table. Finished with a modern honeycomb design, its antique copper finish and generous circular figure bring the taste of a well-traveled eye to any room.Disclaimer: Please note that this product is hand crafted by artisans, and none are exactly alike.  Each item will have different shadings, patterning and variations in color.\rShape: RoundType: Coffee TablesMaterial: IronStyle: ContemporaryAssembly: AssembledFinish: Copper FinishColor: GoldStyleContemporaryMaterialIronTypeCoffee TablesFinishCopper FinishShapeRoundAssemblyAssembledColorGold"
}