{
  "name": "Scandinavian_Lifestyle_Nico_Dining_Table", 
  "price": "EUR 316.76", 
  "reviews": [
    "failed to get review"
  ], 
  "link": "http://www.overstock.com/Home-Garden/Scandinavian-Lifestyle-Nico-Dining-Table/10639296/product.html?recset=f843e55b-92eb-46f9-9fd2-dab8f01f14c6&refccid=HNTHZIR35YW36YCB4H4J5LNSMY&recalg=828,512&recidx=2", 
  "img_url": [
    "http://ak1.ostkcdn.com/images/products/10639296/Nico-Dining-Table-ca4fc1b4-eeaa-418b-881b-c2bbe78c4002_600.jpg"
  ], 
  "description": "This dining table is made of solid pine with a table-end extension\noption. The harmonious appearance of this rustic Nico dining table\nbrings any room to shine. It is available in 3 sizes. Make room for\nmore people to dinner by extending the table by 2 separate\nextension leaves (not included).Shape: RectangleFurniture Room: Dining Room, KitchenMaterial: WoodStyle: Country, CasualAssembly: Assembly RequiredExact Color: White, BrownFinish: White Finish, Brown Finish, Natural FinishStyleCasual, CountryMaterialWoodFinishBrown Finish, Natural Finish, White FinishShapeRectangleAssemblyAssembly RequiredSeats Up To10, 8"
}