{
  "name": "Serta_RTA_Everett_Collection_Sofa__-_78_inch,_Alexandria_Grey_", 
  "price": "EUR 497.60", 
  "reviews": [
    "failed to get review"
  ], 
  "link": "http://www.overstock.com/Home-Garden/Serta-RTA-Everett-Collection-Sofa-78-inch-Alexandria-Grey/10899973/product.html?recset=b6fded2f-0fec-4d8f-be49-b62de6c38348&refccid=W5C5TBUELUGIED2JQ36GEV3LW4&recalg=828,512&recidx=13", 
  "img_url": [
    "http://ak1.ostkcdn.com/images/products/10899973/Serta-RTA-Everett-Collection-Sofa-78-inch-Alexandria-Grey-9f32d06a-59f5-4cfe-865d-cfc877746efe_600.jpg"
  ], 
  "description": "Bring home the Serta tradition of quality, comfort and style with the Serta RTA Everett Collection Sofa. A great choice for dorms, vacation homes, and apartments, this sofa is a stylish seating solution offering serious comfort to areas with limited space. Sturdy and dependable, this sofa is made with stable and durable hardwood materials that are built to last . Whether you're relaxing in front of the TV or entertaining guests, the high-density foam and poly-fiber cushioned coils of this modern-style sofa provide plush comfort that won't disappoint. Seat cushions have a gel memory foam top layer for improved support and durability and pillowed back cushions deliver long-lasting support and retain their shape to keep your sofa looking at its best for years to come.StyleContemporary, ModernMaterialFoam, Metal, Plastic, Polyester, WoodTypeSofaAssemblyAssembly RequiredColorGreyFurniture PatternSolid"
}