{
  "name": "Signature_Design_by_Ashley_Tamilo_GrayBrown_Rectangle_Extension_Dining_Room_Table", 
  "price": "EUR 1009.30", 
  "reviews": [
    "failed to get review"
  ], 
  "link": "http://www.overstock.com/Home-Garden/Signature-Design-by-Ashley-Tamilo-Gray-Brown-Rectangle-Extension-Dining-Room-Table/10745761/product.html?recset=edce2bfd-19be-491a-9011-c53d653e48bf&refccid=XF66VFXDSCELOVKECQOIV427LU&recalg=828,512&recidx=19", 
  "img_url": [
    "http://ak1.ostkcdn.com/images/products/10745761/Signature-Design-by-Ashley-Tamilo-Gray-Brown-Rectangle-Extension-Dining-Room-Table-9ac77c44-7f17-4124-bf45-83b8a26b9b85_600.jpg"
  ], 
  "description": "A Signature Design by Ashley original, this Tamilo rectangle dining\ntable will provide your home with a spacious arrangement for\nserving guests, family and friends. Made with fine pine solid\nhardwood and veneers, with a lighter natural honey tone with\nsignificant distressing and aged detailing.      Dimensions: 30 inches high x 42 inches wide x 90 inches\n  deep                           Our White Glove service only includes 15\n  minutes of assembly, with no use of tools. If a product page\n  indicates that assembly is required (such as on dining tables,\n  chairs, desks, beds, etc.) assembly will be your responsibility.\n  Please refer to the following link for our most up-to-date White\n  Glove information:     StyleCasual, VintageMaterialVeneer, WoodFinishBrown Finish, Grey FinishShapeRectangleAssemblyAssembly Required"
}