{
  "name": "Simmons_Upholstery_Beachfront_Froth_Sofa", 
  "price": "EUR 1039.62", 
  "reviews": [
    "failed to get review"
  ], 
  "link": "http://www.overstock.com/Home-Garden/Simmons-Upholstery-Beachfront-Froth-Sofa/11414042/product.html?recset=b6fded2f-0fec-4d8f-be49-b62de6c38348&refccid=W5C5TBUELUGIED2JQ36GEV3LW4&recalg=828,512&recidx=8", 
  "img_url": [
    "http://ak1.ostkcdn.com/images/products/11414042/Simmons-Upholstery-Beachfront-Froth-Sofa-db563889-8a5f-4c1e-a724-220739a88116_600.jpg"
  ], 
  "description": "Upgrade your living decor with the addition of this beige Simmons upholstery three over two beachfront sofa with a contrast welt, rolled flared arm, attached back cushion, and accented with 4 toss pillows. Features: Hardwood frame, sinuous wire springs and high-density foam seat cushions for comfortable seating. Furniture Pattern: SolidType: SofaStyle: Contemporary, Traditional, CasualMaterial: Fabric, Wood, FoamAssembly: AssembledColor: BeigeOverall Dimensions:  88 inches long x 38 inches wide x 41 inches high StyleCasual, Contemporary, TraditionalMaterialFabric, Foam, WoodTypeSofaAssemblyAssembledColorBeigeFurniture PatternSolid"
}