{
  "name": "Simmons_Upholstery_Miramar_Ash_Queen_Sleeper", 
  "price": "EUR 1353.68", 
  "reviews": [
    "failed to get review"
  ], 
  "link": "http://www.overstock.com/Home-Garden/Simmons-Upholstery-Miramar-Ash-Queen-Sleeper/11412743/product.html?recset=b6fded2f-0fec-4d8f-be49-b62de6c38348&refccid=W5C5TBUELUGIED2JQ36GEV3LW4&recalg=828,512&recidx=12", 
  "img_url": [
    "http://ak1.ostkcdn.com/images/products/11412743/Simmons-Upholstery-Miramar-Ash-Queen-Sleeper-17e6adcf-316e-45dc-9d59-861fb65236f9_600.jpg"
  ], 
  "description": "Upgrade your living decor with the addition of this grey Simmons upholstery queen hide-a-bed featuring a transional track arm, non-reversible seat cushions, and accented with two 22-inch  toss pillows with a decorative design. Features: Hardwood frame, sinuous wire springs and high-density foam seat cushions for comfortable seating. Furniture Pattern: SolidType: Sleeper SofaStyle: Contemporary, Traditional, CasualMaterial: Fabric, Wood, FoamAssembly: AssembledColor: GreyOverall Dimensions:  85 inches long x 39 inches wide x 39 inches high StyleCasual, Contemporary, TraditionalMaterialFabric, Foam, WoodTypeSleeper SofaAssemblyAssembledColorGreyFurniture PatternSolid"
}