{
  "name": "Simmons_Upholstery_Kingsley_Beige_Large_Sectional_and_Ottoman", 
  "price": "EUR 3346.31", 
  "reviews": [
    "failed to get review"
  ], 
  "link": "http://www.overstock.com/Home-Garden/Simmons-Upholstery-Kingsley-Beige-Large-Sectional-and-Ottoman/11483112/product.html?recset=3eda1498-4c53-46c4-9d67-760606281a12&refccid=E22SHHQLOSDI7ESJYSUYJDCTDY&recalg=828,512&recidx=9", 
  "img_url": [
    "http://ak1.ostkcdn.com/images/products/11483112/Simmons-Upholstery-Kingsley-Putty-Large-Sectional-and-Ottoman-8fa44bcc-b264-4c6f-ba47-b73cd134f7d7_600.jpg"
  ], 
  "description": "Create a warm, inviting seating area with the Simmons Upholstery Kingsley Sectional and matching ottoman. This neutral three-piece sectional has a transitional style with flared arms and deep, welted seat cushions that are reversible.\u00a0With sinuous wire springs and high-density foam seat cushions, you can sit back and relax in comfort or invite friends and family over for a night of entertaining. This sectional\u00a0features Beautyrest Pocketed Coils in the seat cushions for added comfort and hardwood lumber in all load-bearing areas.\u00a0StyleCasual, Traditional, Transitional, UrbanMaterialFabricAssemblyAssembly RequiredColorBeigeFurniture PatternSolidProduct FeaturesOttoman Included"
}