{
  "name": "Simmons_Upholstery_Beachfront_Froth_Queen_Sleeper", 
  "price": "EUR 1407.83", 
  "reviews": [
    "failed to get review"
  ], 
  "link": "http://www.overstock.com/Home-Garden/Simmons-Upholstery-Beachfront-Froth-Queen-Sleeper/11414018/product.html?recset=b553dc26-e32b-44c1-98dd-869c7a1dc28a&refccid=DYZ5PGWMPINLZL2PAUECVWGFZI&recalg=828,512&recidx=16", 
  "img_url": [
    "http://ak1.ostkcdn.com/images/products/11414018/Simmons-Upholstery-Beachfront-Froth-Queen-Sleeper-0f670c85-0ae1-4cf7-bdad-7e446133074a_600.jpg"
  ], 
  "description": "Upgrade your living decor with the addition of this beige Simmons upholstery three over two queen hide-a-bed with a contrast welt, rolled flared arm, attached back cushion, and accented with 4 toss pillows. Features: Hardwood frame, sinuous wire springs and high-density foam seat cushions for comfortable seating. Furniture Pattern: SolidType: Sleeper SofaStyle: Contemporary, Traditional, CasualMaterial: Fabric, Wood, FoamAssembly: AssembledColor: BeigeOverall Dimensions:  88 inches long x 38 inches wide x 41 inches high StyleCasual, Contemporary, TraditionalMaterialFabric, Foam, WoodTypeSleeper SofaAssemblyAssembledColorBeigeFurniture PatternSolid"
}