{
  "name": "Simmons_Upholstery_Venture_Smoke_Sectional", 
  "price": "EUR 1424.06", 
  "reviews": [
    "failed to get review"
  ], 
  "link": "http://www.overstock.com/Home-Garden/Simmons-Upholstery-Venture-Smoke-Sectional/11405632/product.html?recset=3eda1498-4c53-46c4-9d67-760606281a12&refccid=E22SHHQLOSDI7ESJYSUYJDCTDY&recalg=828,512&recidx=6", 
  "img_url": [
    "http://ak1.ostkcdn.com/images/products/11405632/Simmons-Upholstery-Venture-Smoke-Sectional-42c35ede-ca3a-49e3-a369-419b4864f020_600.jpg"
  ], 
  "description": "This sectional has a true designer look and features scattered attached back cushions with knife edge pillows and box welt seat cushions.\u00a0Simmons Upholstery Venture Smoke sectional combines traditional looks with incredible comfort. Stump arms are accented with a welt for style and covered in a durable performance cover. Features: Hardwood frame, Sinuous wire springs, and high-density foam seat cushions for comfortable seating.\u00a0StyleCasual, Contemporary, TraditionalMaterialFabric, Foam, WoodAssemblyAssembly RequiredColorGreyFurniture PatternSolid"
}