{
  "name": "Simple_Living_5-piece_Burntwood_Dining_Set_", 
  "price": "EUR 585.76", 
  "reviews": [
    "Some assembly was required, but it was simple to do. Set is sturdy and beautiful.", 
    "Can't be happier with this dining set! Put together by myself in a few hours and the table and chairs are very sturdy. Although it has a veneer, you would never know looking at it or feeling it. Only regret is not getting the set with six chairs!", 
    "Sturdy and easy to put together. Looks great in our kitchen!", 
    "When i opened the box and seen and felt this wood, i was in LOVE. Its so beautiful and the quality is excellent! I am also a single mom with a 16 month old running around. i was able to put it together ALONE! so easy!!!", 
    "The order arrived sooner than expected. It was very easy to put together. It is a strong, sturdy set. It looks like barnwood or reclaimed wood. The set it's easy to keep clean, even the seat cushions. For the price size and free shipping one can not go wrong with this item. We are very pleased!", 
    "Super high quality - table is small but looks expensive. Easy to assemble.", 
    "i just got this table few weeks ago and its such poor quality the chair broke already :("
  ], 
  "link": "http://www.overstock.com/Home-Garden/Simple-Living-5-piece-Burntwood-Dining-Set/9625855/product.html?recset=c5f353b1-a02a-4388-9782-56ceac1d988a&refccid=ICG32FMRFTOZMWCHYUNAMMDUQM&recalg=828,512&recidx=16", 
  "img_url": [
    "http://ak1.ostkcdn.com/images/products/9625855/Simple-Living-5-piece-Burntwood-Dining-Set-fe65c718-719a-4e8a-9d18-27d931754fa3_600.jpg"
  ], 
  "description": "Whether your landscape is rustic or coastal, the distinctive\nweathered grey with slightly distressed finish adapts to your\nstyle. The rectangular table and upholstered chairs with decorative\nlegs and T-back design combine classic details with a distinctive\nlook.Set includes: One (1) table and Four (4) chairsTurnip style turned legs table and chairsCurved chair backs for comfortable sittingMaterials: MDF with veneer, Rubber wood, linen, foamFinish: Weathered greyUpholstery color: Light GreyUpholstery fill: FoamMatching buffet sold separately       Table: 29 inches high x 60 inches wide x 36 inches deepChair: 37.8 inches high x 20.5 inches wide x 18.7 inches\n  deepSeat dimensions: 18 inches wide x 16.25 inches deepSeat height: 18.5 inchesStyleRusticMaterialMDF, Rubberwood, Upholstered, VeneerFinishGrey Finish, WeatheredShapeRectangleAssemblyAssembly RequiredColorGreyFurniture PatternSolid"
}