{
  "name": "Skyline_Furniture_Inset_Nail_Button_Headboard_in_Micro-Suede_Charcoal", 
  "price": "EUR 319.45", 
  "reviews": [
    "Looks great in my daughters room and will transition well from the pre-teen to the teen years. She loves it. Easy to assemble and not bad quality for the price. I like that the back is fully covered as well."
  ], 
  "link": "http://www.overstock.com/Home-Garden/Skyline-Furniture-Inset-Nail-Button-Headboard-in-Micro-Suede-Charcoal/9140590/product.html?recset=ff020176-31d1-4b0b-abf5-5f6504481c28&refccid=QLOTCR77AQMJGMKEIK5W6CXZS4&recalg=828,512&recidx=11", 
  "img_url": [
    "http://ak1.ostkcdn.com/images/products/9140590/High-Arch-Headboard-with-Nails-e150c20c-ec44-49ce-abcd-c4ca4c5720ab_600.jpg"
  ], 
  "description": "Incorporate a high-end touch into your bedroom with the pewter nailhead outline on this Skyline Furniture headboard. With rich charcoal microsuede upholstery, this headboard complements darker furniture and provides a pleasant contrast to lighter tones. Spot cleaning this headboard keeps it looking brand new with its smooth polyester microsuede finish.Made of polyester microsuede upholstery; 100 and #37Transitional style matches well with diverse room themesIndividual pewter nailheads add elegance and classic styleComes with upholstered headboard and metal legs that fit standard bed frames for versatilityIncludes solid pine frame with polyester fill and polyester fabric that provides a smooth finishFinish is 100 and #37; polyester microsuede upholstery wipes clean easilyCharcoal upholstery color matches light and dark bedroom furnitureNeeds only spot cleaningAttaches to standard bed frames for installation without hassleTwin measures 41\" x 4\" x 58\", full measures 56\" x 4\" x 58\", queen measures 62\" x 4\" x 58\", king measures 78\" x 4\" x 58\" and California king measures 74\" x 4\" x 58\"StyleTransitionalMaterialFabric, Metal, Microsuede, Pine, Polyurethane, WoodTypeUpholsteredFinishGrey FinishAssemblyAssembly RequiredColorGreyFurniture PatternSolidProduct FeaturesIncludes Hardware, Made To Order"
}