{
  "name": "Skyline_Furniture_Arch_Inset_Nail_Button_Headboard_in_Linen_Talc", 
  "price": "EUR 344.37", 
  "reviews": [
    "failed to get review"
  ], 
  "link": "http://www.overstock.com/Home-Garden/Skyline-Furniture-Arch-Inset-Nail-Button-Headboard-in-Linen-Talc/9824616/product.html?recset=d08b2eb2-f9c5-46df-8cf5-e46c6d7edf50&refccid=3TGQE4G56APKQFSCHR7USZXIS4&recalg=828,512&recidx=12", 
  "img_url": [
    "http://ak1.ostkcdn.com/images/products/9824616/Arch-Inset-Nail-Button-Headboard-aae15c60-03c8-4db5-a17e-68d0c36f8e04_600.jpg"
  ], 
  "description": "Include this luxurious Skyline Furniture nail button headboard in your bedroom for a more regal and stylish design scheme. This arched headboard gives any bedroom an air of sophistication and worldliness as the nailheads form a beautiful, meticulously crafted design that outlines the overall shape of the headboard perfectly.Transitional style allows this headboard to effortlessly blend in with existing decorThe use of individual brass nail heads results in improved durability and designOne upholstered headboard with metal legs that attach to any standard bed frameBrass finish is complemented by talc upholstery colorUpholstery is composed of 60-percent polyester and 40-percent linen upholsteryFrame is crafted from solid pine for durabilityDimensions: Twin measures 58\"H x 41\"W x 4\"DDimensions: Full measures 58\"H x 56\"W x 4\"DDimensions: Queen measures 58\"H x 62\"W x 4\"DDimensions: King measures 58\" H x 78\"W x 4\"DDimensions: California King measures 58\" H x 74\"W x 4\"DStyleTransitionalMaterialFabricTypeUpholsteredFinishBrass FinishAssemblyAssembly RequiredColorOff-WhiteFurniture PatternSolidProduct FeaturesIncludes Hardware, Made To Order"
}