{
  "name": "Skyline_Furniture_Arch_Tufted_Headboard_in_Velvet_Pewter", 
  "price": "EUR 319.45", 
  "reviews": [
    "failed to get review"
  ], 
  "link": "http://www.overstock.com/Home-Garden/Skyline-Furniture-Arch-Tufted-Headboard-in-Velvet-Pewter/9562047/product.html?recset=d08b2eb2-f9c5-46df-8cf5-e46c6d7edf50&refccid=3TGQE4G56APKQFSCHR7USZXIS4&recalg=828,512&recidx=2", 
  "img_url": [
    "http://ak1.ostkcdn.com/images/products/9562047/Skyline-Furniture-Arch-Tufted-Headboard-in-Velvet-Pewter-4779684f-cdc0-4660-a64f-514bd3bb6306_600.jpg"
  ], 
  "description": "This elegantly tufted headboard will transform your bedroom. It is upholstered in lush velvet and features deep diamond tufting for a style reminiscent of old Hollywood glamour. This headboard attaches to any standard bed frame.\n\nTraditional styleHandcrafted diamond tuftsSet includes: One (1) upholstered headboard with metal legs that will attach to any standard bed frameMaterials: Solid pine frame, metal headboard legs, polyester fill, polyester fabricFinish: 100-percent polyester velvet upholsteryUpholstery color: GreyTwin dimensions: 4 inches high x 41 inches wide x 58 inches longFull dimensions: 4 inches high x 56 inches wide x 58 inches longQueen dimensions: 4 inches high x 62 inches wide x 58 inches longKing dimensions: 4 inches high x 78 inches wide x 58 inches longCalifornia king dimensions: 4 inches high x 74 inches wide x 58 inches high StyleTransitionalMaterialFabricTypeUpholsteredFinishGrey FinishAssemblyAssembly RequiredColorGreyFurniture PatternSolidProduct FeaturesIncludes Hardware, Made To Order"
}