{
  "name": "Skyline_Furniture_Arch_Inset_Nail_Button_Headboard_in_Linen_Grey", 
  "price": "EUR 344.37", 
  "reviews": [
    "I wasn't sure about ordering online but I really wanted an upholstered headboard at a reasonable price. I was happily surprised and relieved when the headboard arrived. The color was as shown and the pewter nail buttons are well done. Good value for the price."
  ], 
  "link": "http://www.overstock.com/Home-Garden/Skyline-Furniture-Arch-Inset-Nail-Button-Headboard-in-Linen-Grey/9825027/product.html?recset=d08b2eb2-f9c5-46df-8cf5-e46c6d7edf50&refccid=3TGQE4G56APKQFSCHR7USZXIS4&recalg=828,512&recidx=0", 
  "img_url": [
    "http://ak1.ostkcdn.com/images/products/9825027/Arch-Inset-Nail-Button-Headboard-a6bc152a-a6e9-4f81-b3b3-7d3a2975059c_600.jpg"
  ], 
  "description": "Add a touch of traditional elegance to any bed with this nail button headboard. Available in sizes from twin to California king, the understated grey linen design curves gracefully over your head, offering an understated focal point for your bedroom. The brass nails provide the perfect amount of textural contrast to the cool smoothness of the linen fabric.\nTransitional styleIndividual pewter nail headsSet includes: Upholstered headboard with metal legs that will attach to any standard bed frameMaterials: Solid pine frame, metal headboard legs, polyester fill, 55-percent linen/ 45-percent viscose upholsteryFinish: BrassUpholstery color: GreyTwin: 58 inches high x 41 inches wide x 4 inches deepFull: 58 inches high x 56 inches wide x 4 inches deepQueen: 58 inches high x 62 inches wide x 4 inches deepKing: 58 inches high x 78 inches wide x 4 inches deepCalifornia King: 58 inches high x 74 inches wide x 4 inches deepStyleTransitionalMaterialFabricTypeUpholsteredFinishPewter FinishAssemblyAssembly RequiredColorGreyFurniture PatternSolidProduct FeaturesIncludes Hardware, Made To Order"
}