{
  "name": "Sofab_Austin_Almond_Three_Seat_Sofa_With_Four_Accent_Pillows", 
  "price": "EUR 605.37", 
  "reviews": [
    "Was surprised at how well this sofa was packaged. I put it together myself and was easy. The hard part was trying to get the two boxes in the house. Happy with purchase. (Pillows are very nice quality)", 
    "First time using overstock. Not what I was expecting to receive. It looks very cheaply made. Hoping I can return!", 
    "LOOKS GREAT-AND..easy to assemble.", 
    "Single female and assembled by myself. Sturdy and comfortable.", 
    "I wasn't sure about ordering this sofa, but I was pleasantly surprised. My husband is able to lay on it and has room left over (he's 6 feet tall) and it's fairly comfortable. The only reason why I'm not giving it 5 stars is because the cushions slip a bit. Otherwise, I consider this a great purchase!"
  ], 
  "link": "http://www.overstock.com/Home-Garden/Sofab-Austin-Almond-Three-Seat-Sofa-With-Four-Accent-Pillows/10973262/product.html?recset=b6fded2f-0fec-4d8f-be49-b62de6c38348&refccid=W5C5TBUELUGIED2JQ36GEV3LW4&recalg=828,512&recidx=4", 
  "img_url": [
    "http://ak1.ostkcdn.com/images/products/10973262/Sofab-Austin-Almond-Three-Seat-Sofa-With-Four-Accent-Pillows-0444c6f8-8b42-4650-a538-f62cf1758c94_600.jpg"
  ], 
  "description": "The Sofab Austin almond 3 seat sofa brings ample seating to any room.  The Austin sofa features 2 sets of reversible fashion accent pillows with cool calming colors and clean transitional styling.\rFurniture Pattern: SolidType: SofaProduct Features: Eco-FriendlyStyle: Transitional, Casual, ContemporaryMaterial: Fabric, Foam, Poly Synthetic Fiber, Polyester Blend, WoodAssembly: Assembly RequiredExact Color: AlmondColor: Tan, BeigeStyleCasual, Contemporary, Nautical, TransitionalMaterialFabric, Foam, Poly Synthetic Fiber, Polyester Blend, WoodTypeSofaAssemblyAssembly RequiredColorBeige, TanFurniture PatternSolidProduct FeaturesEco-Friendly"
}