{
  "name": "Somette_Brookport_Cappuccino_76-inch_Dining_Table_with_Dual_Butterfly_Leaves", 
  "price": "EUR 1050.45", 
  "reviews": [
    "failed to get review"
  ], 
  "link": "http://www.overstock.com/Home-Garden/Somette-Brookport-Cappuccino-76-inch-Dining-Table-with-Dual-Butterfly-Leaves/10888247/product.html?recset=f843e55b-92eb-46f9-9fd2-dab8f01f14c6&refccid=HNTHZIR35YW36YCB4H4J5LNSMY&recalg=828,512&recidx=4", 
  "img_url": [
    "http://ak1.ostkcdn.com/images/products/10888247/Somette-Brookport-Cappuccino-76-inch-Dining-Table-with-Dual-Butterfly-Leaves-aedd6c80-1c2f-437d-8956-13797d0a4e32_600.jpg"
  ], 
  "description": "Fashioned with a rustic design, Somette's Brookport dining table offers charm as well as practicality. A knotty wire-brush finish coupled with complementary metal cables give rustic, natural character. It's constructed from acacia solids and acacia veneer for enduring value in your dining area. Lastly, two removable leaves provides you with more dining options in convenient fashion.Shape: RectangleMaterial: Wood, VeneerStyle: TransitionalFinish: Cappuccino Finish, AntiqueStyleTransitionalMaterialVeneer, WoodFinishAntique, Cappuccino FinishShapeRectangleAssemblyAssembly RequiredSeats Up To10"
}