{
  "name": "Sunny_Deigns_Sedona_Extension_Table_with_Slate_Top", 
  "price": "EUR 836.58", 
  "reviews": [
    "failed to get review"
  ], 
  "link": "http://www.overstock.com/Home-Garden/Sunny-Deigns-Sedona-Extension-Table-with-Slate-Top/11391064/product.html?recset=63ebade0-caff-48e8-a160-770738d8cb0f&refccid=IS37IHZBEHGI3PSEJY3WUGDIYM&recalg=828,512&recidx=5", 
  "img_url": [
    "http://ak1.ostkcdn.com/images/products/11391064/Sunny-Deigns-Sedona-Extension-Table-with-Slate-Top-1e05956e-2a92-4fd5-9497-c4f37f4ca5f2_600.jpg"
  ], 
  "description": "Decorate your home with this chic looking extension table. It is made of oak and is perfect for any traditional, casual, or rustic style home. It will be ideal when placed in your dining room.Shape: RectangleFurniture Room: Dining RoomMaterial: Oak, SlateStyle: Traditional, Casual, RusticAssembly: Assembly RequiredExact Color: OakFinish: Oak FinishDimensions: 42 inches long x 60 inches wide x 30 inches highStyleCasual, Rustic, TraditionalMaterialOak, SlateFinishOak FinishShapeRectangleAssemblyAssembly Required"
}