{
  "name": "Sunny_Designs_Santa_Fe_60_Inch_Round_Table_with_Lazy_Susan", 
  "price": "EUR 1597.35", 
  "reviews": [
    "failed to get review"
  ], 
  "link": "http://www.overstock.com/Home-Garden/Sunny-Designs-Santa-Fe-60-Inch-Round-Table-with-Lazy-Susan/10773025/product.html?recset=8912c5cd-88c6-4c82-84e6-c0f8b56dcd97&refccid=BDND45VI3VD3IPSAC35MDCHYN4&recalg=828,512&recidx=2", 
  "img_url": [
    "http://ak1.ostkcdn.com/images/products/10773025/Sunny-Designs-Santa-Fe-60-Round-Table-with-Lazy-Susan-42b7ab7b-1ff5-4dff-a91f-c5c858921cef_600.jpg"
  ], 
  "description": " Shape: RoundFurniture Room: Dining RoomMaterial: Wood, SlateStyle: Traditional, CasualAssembly: Assembly RequiredExact Color: BrownFinish: Wood FinishDimensions: 60 inches wide x 60 inches deep x 36 inches highStyleCasual, TraditionalMaterialSlate, WoodFinishWood FinishShapeRoundAssemblyAssembly Required"
}