{
  "name": "Sunpan_Marquez_Extension_Dining_Table", 
  "price": "EUR 2922.02", 
  "reviews": [
    "failed to get review"
  ], 
  "link": "http://www.overstock.com/Home-Garden/Sunpan-Marquez-Extension-Dining-Table/10768512/product.html?recset=f843e55b-92eb-46f9-9fd2-dab8f01f14c6&refccid=HNTHZIR35YW36YCB4H4J5LNSMY&recalg=828,512&recidx=7", 
  "img_url": [
    "http://ak1.ostkcdn.com/images/products/10768512/Sunpan-Marquez-Extension-Dining-Table-d0dcd568-3371-437e-97ec-292a7213eff8_600.jpg"
  ], 
  "description": "Functional and stylish, this Sunpan Marquez Extension Dining Table is ideal for your home. Made of acacia this dining table is sturdy and durable. This grey dining table makes the perfect finishing touch for your home.Includes two (2) extension pieces, each measuring 15.75 inches wideShape: RectangleFurniture Room: Dining RoomMaterial: AcaciaStyle: ContemporaryAssembly: Assembly RequiredExact Color: GreyFinish: Grey Finish, Stainless Steel FinishStyleContemporaryMaterialAcaciaFinishGrey Finish, Stainless Steel FinishShapeRectangleAssemblyAssembly RequiredSeats Up To10"
}