{
  "name": "Timbergirl_Old_Reclaimed_Wood_and_Metal_chair_-_Set_of_2", 
  "price": "EUR 336.79", 
  "reviews": [
    "failed to get review"
  ], 
  "link": "http://www.overstock.com/Worldstock-Fair-Trade/Timbergirl-Old-Reclaimed-Wood-and-Metal-chair-Set-of-2/10274535/product.html?recset=de846019-f390-439c-819f-ec8fdafe4a0f&refccid=L573N63F73IISGKHF2SMC6RQXI&recalg=828,512&recidx=17", 
  "img_url": [
    "http://ak1.ostkcdn.com/images/products/10274535/Timbergirl-Old-Reclaimed-Wood-and-Metal-chair-Set-of-2-b34bb13c-17e2-487b-bf0a-05a9c252ec70_600.jpg"
  ], 
  "description": "Modern rustic. Based on old schoolhouse seats and crafted from solid old reclaimed wood and Metal, the minimalist Reclaimed wood Chair owes its good looks to the rich grains and solid metal legs.Solid old reclaimed woodSolid old reclaimed wood.Sold as a set of 2 chairs.Natural handfinishSize: 35.43-inch'High x 17-inch'Wide x 18-inch'long Weight: 24 LBSSet includes: Set of 2 chairsMaterials: Reclaimed WoodFinish: Upholstery color: Seat dimensions: Dimensions: 35.43-inch' x 17-inch' x 28-inch'Worldstock Country: IndiaFurniture Pattern: SolidFurniture Room: Dining Room, Kitchen, BedroomGender: Female, MaleChair Type: Accent Chairs, Dining ChairsMaterial: Wood, Reclaimed Wood, MetalStyle: Casual, Contemporary, Rustic, ModernAssembly: AssembledSet Size: Set of 2Chair Back Height: StandardColor: NaturalStyleContemporary, Modern, RusticMaterialMetal, Reclaimed Wood, WoodChair TypeAccent Chairs, Dining ChairsGenderFemale, MaleWorldstock CountryIndiaSet SizeSet of 2AssemblyAssembledChair Back HeightStandardColorNaturalFurniture PatternSolid"
}