{
  "name": "TRIBECCA_HOME_Eli_Rustic_Two-tone_Ladder_Back_Side_Chairs_(_Set_of_2)", 
  "price": "EUR 113.06", 
  "reviews": [
    "Comfortable & attractive.", 
    "Love these chairs They are very sturdy and well put together. They come unassembled but that's ok."
  ], 
  "link": "http://www.overstock.com/Home-Garden/TRIBECCA-HOME-Eli-Rustic-Two-tone-Ladder-Back-Side-Chairs-Set-of-2/10602830/product.html?recset=5065fc47-d070-48c3-94d0-44333334f652&refccid=5NYNIZSMD7H3SW2KT6ARHCPQ3Y&recalg=828,512&recidx=14", 
  "img_url": [
    "http://ak1.ostkcdn.com/images/products/10602830/TRIBECCA-HOME-Eli-Rustic-Two-tone-Ladder-Back-Side-Chairs-Set-of-2-89bb2768-023f-40cf-9316-a1e1f6c06c9d_600.jpg"
  ], 
  "description": "Our Eli collection features elegant two-tone country style dining set. The set is made from solid Asian rubberwood, finish in rich cherry and black or off-white black.\rSet includes: Two (2) side chairsMaterials: Rubber Wood Ladder backFinish option: Off-white cherry, black cherry Seat dimensions: 17 inches high x 19 inches deep Overall chair dimensions: 39 inches high x 17.75 inches wide x 22.25 inches deepFurniture Pattern: SolidChair Type: Accent Chairs, Desk Chairs, Dining Chairs, Sets, Side ChairsStyle: Mission, Rustic, CountryMaterial: Rubberwood, CherryAssembly: Assembly RequiredSet Size: Set of 2Chair Back Height: StandardColor: Black, Brown, Off-WhiteStyleCountry, Mission, RusticMaterialCherry, RubberwoodFinishBlack Finish, White FinishChair TypeAccent Chairs, Desk Chairs, Dining Chairs, Sets, Side ChairsSet SizeSet of 2AssemblyAssembly RequiredChair Back HeightStandardColorBlack, Brown, Off-WhiteFurniture PatternSolid"
}