{
  "name": "Vintage_Wooden_Dinner_Table", 
  "price": "EUR 627.01", 
  "reviews": [
    "This table seems to be a beautiful table. Rustic and antique...just what I wanted until I saw the deminsions!!! 23 inches wide?????? This is not a dinner table! This is ...what? A utility table? If this table was large enough to seat 4 I would order it in a second!!!!"
  ], 
  "link": "http://www.overstock.com/Home-Garden/Vintage-Wooden-Dinner-Table/8268059/product.html?recset=63ebade0-caff-48e8-a160-770738d8cb0f&refccid=IS37IHZBEHGI3PSEJY3WUGDIYM&recalg=828,512&recidx=1", 
  "img_url": [
    "http://ak1.ostkcdn.com/images/products/8268059/Vintage-Wooden-Dinner-Table-66a5f8cc-d4ba-48be-a0e2-c86fab997810_600.jpg"
  ], 
  "description": "Handcrafted from reclaimed elm wood, this wonderful table is made in the style of the traditional Chinese dining tables. Very rustic and distinct style, each one is slightly different and beautiful.\r\nIncludes: One (1) tableMaterials: Elm woodColors: NaturalDimensions: 32 inches high x 43 inches wide x 23 inches deepWeight: 60 poundsImportedStyleCountry, Rustic, Traditional, VintageMaterialWoodFinishBrown FinishShapeRectangleAssemblyAssembledColorBrownSeats Up To4"
}