{
  "name": "Willow_Round_Dining_Table_", 
  "price": "EUR 1568.84", 
  "reviews": [
    "failed to get review"
  ], 
  "link": "http://www.overstock.com/Home-Garden/Willow-Round-Dining-Table/10706611/product.html?recset=37179e50-34b3-4aa0-83ab-d79201dd9150&refccid=3LRPA7JKEKXYT5SBQ4O7FTFBIQ&recalg=828,512&recidx=7", 
  "img_url": [
    "http://ak1.ostkcdn.com/images/products/10706611/Willow-Round-Dining-Table-4875cb5f-92b8-4cff-8afe-ca103ddaf60c_600.jpg"
  ], 
  "description": "This transitional collection is simplistic in styling and showcases a unique finish that will stimulate conversation and envy to all who behold. Our highly skilled carpenters hand scrape each groove using only the tip of a screw, for a finish that is simply spectacular and truly unique.Shape: RoundStyle: TransitionalMaterial: WoodFinish: Stained, DistressedWeight: 154 lbsStyleTransitionalMaterialWoodFinishDistressed, StainedShapeRoundAssemblyAssembly RequiredSeats Up To6"
}