{
  "name": "Winslow_Grey_Linen_Concave-arm_Sofa", 
  "price": "EUR 694.16", 
  "reviews": [
    "Great modern look, however super uncomfortable! Do not spend your money. Had it for 2 weeks before it was returned. Horrible couch."
  ], 
  "link": "http://www.overstock.com/Home-Garden/Winslow-Grey-Linen-Concave-arm-Sofa/8767752/product.html?recset=448d98a5-7a4f-4cac-b2cc-f0945dfe2158&refccid=22DMJC4X366L5YSEKLBG6VUOWQ&recalg=828,512&recidx=12", 
  "img_url": [
    "http://ak1.ostkcdn.com/images/products/8767752/81dd0ae6-6770-49d3-ad0d-3d829ee149fb_600.jpg"
  ], 
  "description": "The simple, sleek lines of this Winslow sofa will add a classic look to any decor. High-backed with low-profile arms, grey linen upholstery, and espresso-stained legs, this chair will fit well in a traditional or contemporary room. \r\nSet includes: One (1) sofaMaterials: Asian hardwood, linen, foamFinish: Espresso Upholstery color: Grey Upholstery fill: Premium foamFoam density: 22 Seat cushion thickness: 6 inches Seat dimensions: 19 inches high x 67.5 inches wide x 22 inches deepDimensions: 34 inches high x 74.5 inches wide x 34 inches deepStyleContemporary, TraditionalMaterialFoam, Linen, WoodTypeSofaFinishEspresso, WoodSeat HeightCounter HeightAssemblyAssembly RequiredColorEspresso, GreyFurniture PatternSolid"
}